t_s,delta,counts,rpm_raw,rpm_filt
6600.800,0,-21320,0.00,0.00
6600.900,0,-21320,0.00,0.00
6601.000,0,-21320,0.00,0.00
6601.100,0,-21320,0.00,0.00
6601.200,0,-21320,0.00,0.00
6601.300,0,-21320,0.00,0.00
6601.400,0,-21320,0.00,0.00
6601.500,0,-21320,0.00,0.00
6601.600,0,-21320,0.00,0.00
6601.700,0,-21320,0.00,0.00
6601.800,0,-21320,0.00,0.00
6601.900,0,-21320,0.00,0.00
6602.000,0,-21320,0.00,0.00
6602.100,0,-21320,0.00,0.00
6602.200,0,-21320,0.00,0.00
6602.300,0,-21320,0.00,0.00
6602.400,0,-21320,0.00,0.00
6602.500,0,-21320,0.00,0.00
6602.600,0,-21320,0.00,0.00
6602.700,0,-21320,0.00,0.00
6602.800,0,-21320,0.00,0.00
6602.900,0,-21320,0.00,0.00
6603.000,0,-21320,0.00,0.00
6603.100,0,-21320,0.00,0.00
6603.200,0,-21320,0.00,0.00
6603.300,0,-21320,0.00,0.00
6603.400,0,-21320,0.00,0.00
6603.500,0,-21320,0.00,0.00
6603.600,0,-21320,0.00,0.00
6603.700,0,-21320,0.00,0.00
6603.800,0,-21320,0.00,0.00
6603.900,0,-21320,0.00,0.00
6604.000,0,-21320,0.00,0.00
6604.100,0,-21320,0.00,0.00
6604.200,0,-21320,0.00,0.00
6604.300,0,-21320,0.00,0.00
6604.400,0,-21320,0.00,0.00
6604.500,0,-21320,0.00,0.00
6604.600,0,-21320,0.00,0.00
6604.700,0,-21320,0.00,0.00
6604.800,0,-21320,0.00,0.00
6604.900,0,-21320,0.00,0.00
6605.000,0,-21320,0.00,0.00
6605.100,0,-21320,0.00,0.00
6605.200,0,-21320,0.00,0.00
6605.300,0,-21320,0.00,0.00
6605.400,0,-21320,0.00,0.00
6605.500,0,-21320,0.00,0.00
6605.600,0,-21320,0.00,0.00
6605.700,0,-21320,0.00,0.00
6605.800,0,-21320,0.00,0.00
6605.900,0,-21320,0.00,0.00
6606.000,0,-21320,0.00,0.00
6606.100,0,-21320,0.00,0.00
6606.200,0,-21320,0.00,0.00
6606.300,0,-21320,0.00,0.00
6606.400,0,-21320,0.00,0.00
6606.500,0,-21320,0.00,0.00
6606.600,0,-21320,0.00,0.00
6606.700,0,-21320,0.00,0.00
6606.800,0,-21320,0.00,0.00
6606.900,0,-21320,0.00,0.00
6607.000,0,-21320,0.00,0.00
6607.100,0,-21320,0.00,0.00
6607.200,0,-21320,0.00,0.00
6607.300,0,-21320,0.00,0.00
6607.400,0,-21320,0.00,0.00
6607.500,0,-21320,0.00,0.00
6607.600,0,-21320,0.00,0.00
6607.700,0,-21320,0.00,0.00
6607.800,0,-21320,0.00,0.00
6607.900,0,-21320,0.00,0.00
6608.000,0,-21320,0.00,0.00
6608.100,0,-21320,0.00,0.00
6608.200,0,-21320,0.00,0.00
6608.300,0,-21320,0.00,0.00
6608.400,0,-21320,0.00,0.00
6608.500,0,-21320,0.00,0.00
6608.600,0,-21320,0.00,0.00
6608.700,0,-21320,0.00,0.00
6608.800,0,-21320,0.00,0.00
6608.900,0,-21320,0.00,0.00
6609.000,0,-21320,0.00,0.00
6609.100,0,-21320,0.00,0.00
6609.200,0,-21320,0.00,0.00
6609.300,0,-21320,0.00,0.00
6609.400,0,-21320,0.00,0.00
6609.500,0,-21320,0.00,0.00
6609.600,0,-21320,0.00,0.00
6609.700,0,-21320,0.00,0.00
6609.800,0,-21320,0.00,0.00
6609.900,0,-21320,0.00,0.00
6610.000,0,-21320,0.00,0.00
6610.100,0,-21320,0.00,0.00
6610.200,0,-21320,0.00,0.00
6610.300,0,-21320,0.00,0.00
6610.400,0,-21320,0.00,0.00
6610.500,0,-21320,0.00,0.00
6610.600,0,-21320,0.00,0.00
6610.700,0,-21320,0.00,0.00
6610.800,0,-21320,0.00,0.00
6610.900,0,-21320,0.00,0.00
6611.000,0,-21320,0.00,0.00
6611.100,0,-21320,0.00,0.00
6611.200,0,-21320,0.00,0.00
6611.300,0,-21320,0.00,0.00
6611.400,0,-21320,0.00,0.00
6611.500,0,-21320,0.00,0.00
6611.600,0,-21320,0.00,0.00
6611.700,0,-21320,0.00,0.00
6611.800,0,-21320,0.00,0.00
6611.900,0,-21320,0.00,0.00
6612.000,0,-21320,0.00,0.00
6612.100,0,-21320,0.00,0.00
6612.200,0,-21320,0.00,0.00
6612.300,0,-21320,0.00,0.00
6612.400,0,-21320,0.00,0.00
6612.500,0,-21320,0.00,0.00
6612.600,0,-21320,0.00,0.00
6612.700,0,-21320,0.00,0.00
6612.800,0,-21320,0.00,0.00
6612.900,0,-21320,0.00,0.00
6613.000,0,-21320,0.00,0.00
6613.100,0,-21320,0.00,0.00
6613.200,0,-21320,0.00,0.00
6613.300,0,-21320,0.00,0.00
6613.400,0,-21320,0.00,0.00
6613.500,0,-21320,0.00,0.00
6613.600,0,-21320,0.00,0.00
6613.700,0,-21320,0.00,0.00
6613.800,0,-21320,0.00,0.00
6613.900,0,-21320,0.00,0.00
6614.000,0,-21320,0.00,0.00
6614.100,0,-21320,0.00,0.00
6614.200,0,-21320,0.00,0.00
6614.300,0,-21320,0.00,0.00
6614.400,0,-21320,0.00,0.00
6614.500,0,-21320,0.00,0.00
6614.600,0,-21320,0.00,0.00
6614.700,0,-21320,0.00,0.00
6614.800,0,-21320,0.00,0.00
6614.900,0,-21320,0.00,0.00
6615.000,0,-21320,0.00,0.00
6615.100,0,-21320,0.00,0.00
6615.200,0,-21320,0.00,0.00
6615.300,0,-21320,0.00,0.00
6615.400,0,-21320,0.00,0.00
6615.500,0,-21320,0.00,0.00
6615.600,0,-21320,0.00,0.00
6615.700,0,-21320,0.00,0.00
6615.800,0,-21320,0.00,0.00
6615.900,0,-21320,0.00,0.00
6616.000,-2,-21322,-1.00,-0.20
6616.100,-4,-21326,-2.00,-0.56
6616.200,-15,-21341,-7.50,-1.95
6616.300,-23,-21364,-11.50,-3.86
6616.400,-44,-21408,-22.00,-7.49
6616.500,-58,-21466,-29.00,-11.79
6616.600,-61,-21527,-30.50,-15.53
6616.700,-76,-21603,-38.00,-20.03
6616.800,-120,-21723,-60.00,-28.02
6616.900,-85,-21808,-42.50,-30.92
6617.000,-42,-21850,-21.00,-28.93
6617.100,-37,-21887,-18.50,-26.85
6617.200,-38,-21925,-19.00,-25.28
6617.300,-52,-21977,-26.00,-25.42
6617.400,-100,-22077,-50.00,-30.34
6617.500,-128,-22205,-64.00,-37.07
6617.600,-169,-22374,-84.50,-46.56
6617.700,-85,-22459,-42.50,-45.74
6617.800,-56,-22515,-28.00,-42.20
6617.900,-64,-22579,-32.00,-40.16
6618.000,-118,-22697,-59.00,-43.93
6618.100,-151,-22848,-75.50,-50.24
6618.200,30,-22818,15.00,-37.19
6618.300,1,-22817,0.50,-29.65
6618.400,1,-22816,0.50,-23.62
6618.500,-2,-22818,-1.00,-19.10
6618.600,1,-22817,0.50,-15.18
6618.700,0,-22817,0.00,-12.14
6618.800,-18,-22835,-9.00,-11.51
6618.900,-73,-22908,-36.50,-16.51
6619.000,-103,-23011,-51.50,-23.51
6619.100,-42,-23053,-21.00,-23.01
6619.200,-33,-23086,-16.50,-21.71
6619.300,-49,-23135,-24.50,-22.26
6619.400,-48,-23183,-24.00,-22.61
6619.500,-58,-23241,-29.00,-23.89
6619.600,-73,-23314,-36.50,-26.41
6619.700,-52,-23366,-26.00,-26.33
6619.800,-74,-23440,-37.00,-28.46
6619.900,-70,-23510,-35.00,-29.77
6620.000,-91,-23601,-45.50,-32.92
6620.100,-48,-23649,-24.00,-31.13
6620.200,-44,-23693,-22.00,-29.31
6620.300,-43,-23736,-21.50,-27.75
6620.400,-34,-23770,-17.00,-25.60
6620.500,-54,-23824,-27.00,-25.88
6620.600,-93,-23917,-46.50,-30.00
6620.700,-98,-24015,-49.00,-33.80
6620.800,-94,-24109,-47.00,-36.44
6620.900,-99,-24208,-49.50,-39.05
6621.000,-37,-24245,-18.50,-34.94
6621.100,93,-24152,46.50,-18.65
6621.200,1,-24151,0.50,-14.82
6621.300,-24,-24175,-12.00,-14.26
6621.400,-59,-24234,-29.50,-17.31
6621.500,-82,-24316,-41.00,-22.05
6621.600,-33,-24349,-16.50,-20.94
6621.700,-76,-24425,-38.00,-24.35
6621.800,-138,-24563,-69.00,-33.28
6621.900,-92,-24655,-46.00,-35.82
6622.000,-88,-24743,-44.00,-37.46
6622.100,-109,-24852,-54.50,-40.87
6622.200,-49,-24901,-24.50,-37.59
6622.300,-26,-24927,-13.00,-32.67
6622.400,0,-24927,0.00,-26.14
6622.500,0,-24927,0.00,-20.91
6622.600,-58,-24985,-29.00,-22.53
6622.700,-117,-25102,-58.50,-29.72
6622.800,-51,-25153,-25.50,-28.88
6622.900,-59,-25212,-29.50,-29.00
6623.000,-99,-25311,-49.50,-33.10
6623.100,-97,-25408,-48.50,-36.18
6623.200,-19,-25427,-9.50,-30.85
6623.300,42,-25385,21.00,-20.48
6623.400,30,-25355,15.00,-13.38
6623.500,14,-25341,7.00,-9.30
6623.600,-56,-25397,-28.00,-13.04
6623.700,-56,-25453,-28.00,-16.04
6623.800,-123,-25576,-61.50,-25.13
6623.900,-46,-25622,-23.00,-24.70
6624.000,-7,-25629,-3.50,-20.46
6624.100,-62,-25691,-31.00,-22.57
6624.200,-87,-25778,-43.50,-26.76
6624.300,-92,-25870,-46.00,-30.60
6624.400,-143,-26013,-71.50,-38.78
6624.500,-87,-26100,-43.50,-39.73
6624.600,-2,-26102,-1.00,-31.98
6624.700,-36,-26138,-18.00,-29.19
6624.800,-25,-26163,-12.50,-25.85
6624.900,-83,-26246,-41.50,-28.98
6625.000,-109,-26355,-54.50,-34.08
6625.100,-97,-26452,-48.50,-36.97
6625.200,-43,-26495,-21.50,-33.87
6625.300,-1,-26496,-0.50,-27.20
6625.400,-2,-26498,-1.00,-21.96
6625.500,-39,-26537,-19.50,-21.47
6625.600,-140,-26677,-70.00,-31.17
6625.700,-100,-26777,-50.00,-34.94
6625.800,-112,-26889,-56.00,-39.15
6625.900,-8,-26897,-4.00,-32.12
6626.000,0,-26897,0.00,-25.70
6626.100,0,-26897,0.00,-20.56
6626.200,0,-26897,0.00,-16.45
6626.300,-40,-26937,-20.00,-17.16
6626.400,-154,-27091,-77.00,-29.13
6626.500,-78,-27169,-39.00,-31.10
6626.600,-88,-27257,-44.00,-33.68
6626.700,-49,-27306,-24.50,-31.84
6626.800,1,-27305,0.50,-25.38
6626.900,0,-27305,0.00,-20.30
6627.000,0,-27305,0.00,-16.24
6627.100,-2,-27307,-1.00,-13.19
6627.200,-45,-27352,-22.50,-15.05
6627.300,-99,-27451,-49.50,-21.94
6627.400,-116,-27567,-58.00,-29.15
6627.500,-125,-27692,-62.50,-35.82
6627.600,-129,-27821,-64.50,-41.56
6627.700,-24,-27845,-12.00,-35.65
6627.800,0,-27845,0.00,-28.52
6627.900,0,-27845,0.00,-22.81
6628.000,6,-27839,3.00,-17.65
6628.100,-41,-27880,-20.50,-18.22
6628.200,-111,-27991,-55.50,-25.68
6628.300,-104,-28095,-52.00,-30.94
6628.400,-89,-28184,-44.50,-33.65
6628.500,-101,-28285,-50.50,-37.02
6628.600,-136,-28421,-68.00,-43.22
6628.700,-7,-28428,-3.50,-35.27
6628.800,2,-28426,1.00,-28.02
6628.900,-20,-28446,-10.00,-24.42
6629.000,-95,-28541,-47.50,-29.03
6629.100,-90,-28631,-45.00,-32.23
6629.200,-76,-28707,-38.00,-33.38
6629.300,-88,-28795,-44.00,-35.50
6629.400,-124,-28919,-62.00,-40.80
6629.500,-9,-28928,-4.50,-33.54
6629.600,6,-28922,3.00,-26.23
6629.700,-1,-28923,-0.50,-21.09
6629.800,-72,-28995,-36.00,-24.07
6629.900,-85,-29080,-42.50,-27.76
6630.000,-67,-29147,-33.50,-28.90
6630.100,-93,-29240,-46.50,-32.42
6630.200,-92,-29332,-46.00,-35.14
6630.300,-92,-29424,-46.00,-37.31
6630.400,-67,-29491,-33.50,-36.55
6630.500,7,-29484,3.50,-28.54
6630.600,3,-29481,1.50,-22.53
6630.700,-38,-29519,-19.00,-21.83
6630.800,-107,-29626,-53.50,-28.16
6630.900,-110,-29736,-55.00,-33.53
6631.000,-106,-29842,-53.00,-37.42
6631.100,-66,-29908,-33.00,-36.54
6631.200,17,-29891,8.50,-27.53
6631.300,50,-29841,25.00,-17.02
6631.400,20,-29821,10.00,-11.62
6631.500,-2,-29823,-1.00,-9.50
6631.600,-2,-29825,-1.00,-7.80
6631.700,0,-29825,0.00,-6.24
6631.800,-158,-29983,-79.00,-20.79
6631.900,-199,-30182,-99.50,-36.53
6632.000,-112,-30294,-56.00,-40.43
6632.100,-72,-30366,-36.00,-39.54
6632.200,-9,-30375,-4.50,-32.53
6632.300,4,-30371,2.00,-25.63
6632.400,-21,-30392,-10.50,-22.60
6632.500,-159,-30551,-79.50,-33.98
6632.600,-148,-30699,-74.00,-41.98
6632.700,-117,-30816,-58.50,-45.29
6632.800,-83,-30899,-41.50,-44.53
6632.900,-93,-30992,-46.50,-44.92
6633.000,-125,-31117,-62.50,-48.44
6633.100,2,-31115,1.00,-38.55
6633.200,0,-31115,0.00,-30.84
6633.300,0,-31115,0.00,-24.67
6633.400,0,-31115,0.00,-19.74
6633.500,-1,-31116,-0.50,-15.89
6633.600,-103,-31219,-51.50,-23.01
6633.700,-234,-31453,-117.00,-41.81
6633.800,-127,-31580,-63.50,-46.15
6633.900,-151,-31731,-75.50,-52.02
6634.000,-116,-31847,-58.00,-53.21
6634.100,0,-31847,0.00,-42.57
6634.200,0,-31847,0.00,-34.06
6634.300,0,-31847,0.00,-27.25
6634.400,-6,-31853,-3.00,-22.40
6634.500,-119,-31972,-59.50,-29.82
6634.600,-115,-32087,-57.50,-35.35
6634.700,-143,-32230,-71.50,-42.58
6634.800,-139,-32369,-69.50,-47.97
6634.900,-182,-32551,-91.00,-56.57
6635.000,-87,-32638,-43.50,-53.96
6635.100,1,-32637,0.50,-43.07
6635.200,0,-32637,0.00,-34.45
6635.300,0,-32637,0.00,-27.56
6635.400,-28,-32665,-14.00,-24.85
6635.500,-119,-32784,-59.50,-31.78
6635.600,-214,-32998,-107.00,-46.82
6635.700,-163,-33161,-81.50,-53.76
6635.800,-106,-33267,-53.00,-53.61
6635.900,-102,-33369,-51.00,-53.09
6636.000,-60,-33429,-30.00,-48.47
6636.100,0,-33429,0.00,-38.78
6636.200,0,-33429,0.00,-31.02
6636.300,0,-33429,0.00,-24.82
6636.400,-66,-33495,-33.00,-26.45
6636.500,-224,-33719,-112.00,-43.56
6636.600,-122,-33841,-61.00,-47.05
6636.700,-85,-33926,-42.50,-46.14
6636.800,-90,-34016,-45.00,-45.91
6636.900,-66,-34082,-33.00,-43.33
6637.000,4,-34078,2.00,-34.26
6637.100,0,-34078,0.00,-27.41
6637.200,0,-34078,0.00,-21.93
6637.300,-1,-34079,-0.50,-17.64
6637.400,0,-34079,0.00,-14.11
6637.500,-46,-34125,-23.00,-15.89
6637.600,-246,-34371,-123.00,-37.31
6637.700,-145,-34516,-72.50,-44.35
6637.800,-108,-34624,-54.00,-46.28
6637.900,-105,-34729,-52.50,-47.52
6638.000,-57,-34786,-28.50,-43.72
6638.100,0,-34786,0.00,-34.98
6638.200,0,-34786,0.00,-27.98
6638.300,0,-34786,0.00,-22.38
6638.400,-43,-34829,-21.50,-22.21
6638.500,-207,-35036,-103.50,-38.47
6638.600,-106,-35142,-53.00,-41.37
6638.700,-121,-35263,-60.50,-45.20
6638.800,-122,-35385,-61.00,-48.36
6638.900,-101,-35486,-50.50,-48.79
6639.000,-88,-35574,-44.00,-47.83
6639.100,-168,-35742,-84.00,-55.06
6639.200,-87,-35829,-43.50,-52.75
6639.300,-146,-35975,-73.00,-56.80
6639.400,-89,-36064,-44.50,-54.34
6639.500,-176,-36240,-88.00,-61.07
6639.600,-84,-36324,-42.00,-57.26
6639.700,-147,-36471,-73.50,-60.51
6639.800,-170,-36641,-85.00,-65.41
6639.900,-6,-36647,-3.00,-52.92
6640.000,1,-36646,0.50,-42.24
6640.100,0,-36646,0.00,-33.79
6640.200,0,-36646,0.00,-27.03
6640.300,-10,-36656,-5.00,-22.63
6640.400,-255,-36911,-127.50,-43.60
6640.500,-228,-37139,-114.00,-57.68
6640.600,-222,-37361,-111.00,-68.34
6640.700,-198,-37559,-99.00,-74.48
6640.800,-186,-37745,-93.00,-78.18
6640.900,-152,-37897,-76.00,-77.74
6641.000,-22,-37919,-11.00,-64.40
6641.100,0,-37919,0.00,-51.52
6641.200,0,-37919,0.00,-41.21
6641.300,-6,-37925,-3.00,-33.57
6641.400,-190,-38115,-95.00,-45.86
6641.500,-234,-38349,-117.00,-60.09
6641.600,-270,-38619,-135.00,-75.07
6641.700,-236,-38855,-118.00,-83.65
6641.800,-241,-39096,-120.50,-91.02
6641.900,-28,-39124,-14.00,-75.62
6642.000,0,-39124,0.00,-60.50
6642.100,0,-39124,0.00,-48.40
6642.200,0,-39124,0.00,-38.72
6642.300,-56,-39180,-28.00,-36.57
6642.400,-212,-39392,-106.00,-50.46
6642.500,-199,-39591,-99.50,-60.27
6642.600,-207,-39798,-103.50,-68.91
6642.700,-179,-39977,-89.50,-73.03
6642.800,-176,-40153,-88.00,-76.02
6642.900,-136,-40289,-68.00,-74.42
6643.000,0,-40289,0.00,-59.54
6643.100,0,-40289,0.00,-47.63
6643.200,0,-40289,0.00,-38.10
6643.300,0,-40289,0.00,-30.48
6643.400,0,-40289,0.00,-24.39
6643.500,-110,-40399,-55.00,-30.51
6643.600,-150,-40549,-75.00,-39.41
6643.700,-180,-40729,-90.00,-49.53
6643.800,-99,-40828,-49.50,-49.52
6643.900,-181,-41009,-90.50,-57.72
6644.000,-116,-41125,-58.00,-57.77
6644.100,-114,-41239,-57.00,-57.62
6644.200,-85,-41324,-42.50,-54.59
6644.300,0,-41324,0.00,-43.68
6644.400,0,-41324,0.00,-34.94
6644.500,0,-41324,0.00,-27.95
6644.600,0,-41324,0.00,-22.36
6644.700,-31,-41355,-15.50,-20.99
6644.800,-117,-41472,-58.50,-28.49
6644.900,-113,-41585,-56.50,-34.09
6645.000,-165,-41750,-82.50,-43.77
6645.100,-120,-41870,-60.00,-47.02
6645.200,-130,-42000,-65.00,-50.62
6645.300,-171,-42171,-85.50,-57.59
6645.400,-123,-42294,-61.50,-58.37
6645.500,0,-42294,0.00,-46.70
6645.600,0,-42294,0.00,-37.36
6645.700,0,-42294,0.00,-29.89
6645.800,0,-42294,0.00,-23.91
6645.900,-75,-42369,-37.50,-26.63
6646.000,-187,-42556,-93.50,-40.00
6646.100,-165,-42721,-82.50,-48.50
6646.200,-144,-42865,-72.00,-53.20
6646.300,-149,-43014,-74.50,-57.46
6646.400,-183,-43197,-91.50,-64.27
6646.500,-159,-43356,-79.50,-67.32
6646.600,-3,-43359,-1.50,-54.15
6646.700,0,-43359,0.00,-43.32
6646.800,0,-43359,0.00,-34.66
6646.900,0,-43359,0.00,-27.73
6647.000,0,-43359,0.00,-22.18
6647.100,-113,-43472,-56.50,-29.04
6647.200,-207,-43679,-103.50,-43.94
6647.300,-243,-43922,-121.50,-59.45
6647.400,-181,-44103,-90.50,-65.66
6647.500,-187,-44290,-93.50,-71.23
6647.600,-209,-44499,-104.50,-77.88
6647.700,-118,-44617,-59.00,-74.11
6647.800,0,-44617,0.00,-59.28
6647.900,0,-44617,0.00,-47.43
6648.000,0,-44617,0.00,-37.94
6648.100,-28,-44645,-14.00,-33.15
6648.200,-202,-44847,-101.00,-46.72
6648.300,-242,-45089,-121.00,-61.58
6648.400,-216,-45305,-108.00,-70.86
6648.500,-185,-45490,-92.50,-75.19
6648.600,-161,-45651,-80.50,-76.25
6648.700,-6,-45657,-3.00,-61.60
6648.800,0,-45657,0.00,-49.28
6648.900,0,-45657,0.00,-39.43
6649.000,0,-45657,0.00,-31.54
6649.100,0,-45657,0.00,-25.23
6649.200,0,-45657,0.00,-20.19
6649.300,-55,-45712,-27.50,-21.65
6649.400,-166,-45878,-83.00,-33.92
6649.500,-181,-46059,-90.50,-45.24
6649.600,-201,-46260,-100.50,-56.29
6649.700,-176,-46436,-88.00,-62.63
6649.800,-172,-46608,-86.00,-67.30
6649.900,-189,-46797,-94.50,-72.74
6650.000,-1,-46798,-0.50,-58.29
6650.100,0,-46798,0.00,-46.64
6650.200,0,-46798,0.00,-37.31
6650.300,0,-46798,0.00,-29.85
6650.400,-29,-46827,-14.50,-26.78
6650.500,-183,-47010,-91.50,-39.72
6650.600,-133,-47143,-66.50,-45.08
6650.700,-192,-47335,-96.00,-55.26
6650.800,-213,-47548,-106.50,-65.51
6650.900,-210,-47758,-105.00,-73.41
6651.000,-157,-47915,-78.50,-74.43
6651.100,-3,-47918,-1.50,-59.84
6651.200,0,-47918,0.00,-47.87
6651.300,0,-47918,0.00,-38.30
6651.400,0,-47918,0.00,-30.64
6651.500,-1,-47919,-0.50,-24.61
6651.600,-58,-47977,-29.00,-25.49
6651.700,-136,-48113,-68.00,-33.99
6651.800,-146,-48259,-73.00,-41.79
6651.900,-139,-48398,-69.50,-47.33
6652.000,-169,-48567,-84.50,-54.77
6652.100,-176,-48743,-88.00,-61.41
6652.200,-85,-48828,-42.50,-57.63
6652.300,0,-48828,0.00,-46.10
6652.400,0,-48828,0.00,-36.88
6652.500,0,-48828,0.00,-29.51
6652.600,-1,-48829,-0.50,-23.71
6652.700,-44,-48873,-22.00,-23.36
6652.800,-100,-48973,-50.00,-28.69
6652.900,-126,-49099,-63.00,-35.55
6653.000,-136,-49235,-68.00,-42.04
6653.100,-186,-49421,-93.00,-52.23
6653.200,-139,-49560,-69.50,-55.69
6653.300,-128,-49688,-64.00,-57.35
6653.400,-119,-49807,-59.50,-57.78
6653.500,-10,-49817,-5.00,-47.22
6653.600,0,-49817,0.00,-37.78
6653.700,0,-49817,0.00,-30.22
6653.800,-1,-49818,-0.50,-24.28
6653.900,-81,-49899,-40.50,-27.52
6654.000,-175,-50074,-87.50,-39.52
6654.100,-131,-50205,-65.50,-44.71
6654.200,-156,-50361,-78.00,-51.37
6654.300,-167,-50528,-83.50,-57.80
6654.400,-169,-50697,-84.50,-63.14
6654.500,-59,-50756,-29.50,-56.41
6654.600,1,-50755,0.50,-45.03
6654.700,0,-50755,0.00,-36.02
6654.800,0,-50755,0.00,-28.82
6654.900,0,-50755,0.00,-23.05
6655.000,-1,-50756,-0.50,-18.54
6655.100,-140,-50896,-70.00,-28.83
6655.200,-164,-51060,-82.00,-39.47
6655.300,-185,-51245,-92.50,-50.07
6655.400,-144,-51389,-72.00,-54.46
6655.500,-155,-51544,-77.50,-59.07
6655.600,-113,-51657,-56.50,-58.55
6655.700,-11,-51668,-5.50,-47.94
6655.800,0,-51668,0.00,-38.35
6655.900,0,-51668,0.00,-30.68
6656.000,0,-51668,0.00,-24.55
6656.100,0,-51668,0.00,-19.64
6656.200,-28,-51696,-14.00,-18.51
6656.300,-189,-51885,-94.50,-33.71
6656.400,-160,-52045,-80.00,-42.97
6656.500,-226,-52271,-113.00,-56.97
6656.600,-234,-52505,-117.00,-68.98
6656.700,-89,-52594,-44.50,-64.08
6656.800,0,-52594,0.00,-51.27
6656.900,0,-52594,0.00,-41.01
6657.000,0,-52594,0.00,-32.81
6657.100,0,-52594,0.00,-26.25
6657.200,0,-52594,0.00,-21.00
6657.300,-68,-52662,-34.00,-23.60
6657.400,-214,-52876,-107.00,-40.28
6657.500,-202,-53078,-101.00,-52.42
6657.600,-175,-53253,-87.50,-59.44
6657.700,-174,-53427,-87.00,-64.95
6657.800,-104,-53531,-52.00,-62.36
6657.900,-1,-53532,-0.50,-49.99
6658.000,0,-53532,0.00,-39.99
6658.100,0,-53532,0.00,-31.99
6658.200,0,-53532,0.00,-25.59
6658.300,-38,-53570,-19.00,-24.28
6658.400,-141,-53711,-70.50,-33.52
6658.500,-149,-53860,-74.50,-41.72
6658.600,-174,-54034,-87.00,-50.77
6658.700,-229,-54263,-114.50,-63.52
6658.800,-150,-54413,-75.00,-65.81
6658.900,-64,-54477,-32.00,-59.05
6659.000,0,-54477,0.00,-47.24
6659.100,0,-54477,0.00,-37.79
6659.200,0,-54477,0.00,-30.23
6659.300,1,-54476,0.50,-24.09
6659.400,-1,-54477,-0.50,-19.37
6659.500,-19,-54496,-9.50,-17.40
6659.600,-246,-54742,-123.00,-38.52
6659.700,-191,-54933,-95.50,-49.91
6659.800,-188,-55121,-94.00,-58.73
6659.900,-258,-55379,-129.00,-72.78
6660.000,-98,-55477,-49.00,-68.03
6660.100,-8,-55485,-4.00,-55.22
6660.200,0,-55485,0.00,-44.18
6660.300,0,-55485,0.00,-35.34
6660.400,0,-55485,0.00,-28.27
6660.500,0,-55485,0.00,-22.62
6660.600,0,-55485,0.00,-18.10
6660.700,-18,-55503,-9.00,-16.28
6660.800,-215,-55718,-107.50,-34.52
6660.900,-219,-55937,-109.50,-49.52
6661.000,-197,-56134,-98.50,-59.31
6661.100,-223,-56357,-111.50,-69.75
6661.200,-248,-56605,-124.00,-80.60
6661.300,-46,-56651,-23.00,-69.08
6661.400,0,-56651,0.00,-55.26
6661.500,0,-56651,0.00,-44.21
6661.600,0,-56651,0.00,-35.37
6661.700,-1,-56652,-0.50,-28.40
6661.800,-55,-56707,-27.50,-28.22
6661.900,-97,-56804,-48.50,-32.27
6662.000,-144,-56948,-72.00,-40.22
6662.100,-141,-57089,-70.50,-46.27
6662.200,-192,-57281,-96.00,-56.22
6662.300,-185,-57466,-92.50,-63.48
6662.400,-171,-57637,-85.50,-67.88
6662.500,-67,-57704,-33.50,-61.00
6662.600,0,-57704,0.00,-48.80
6662.700,0,-57704,0.00,-39.04
6662.800,0,-57704,0.00,-31.23
6662.900,0,-57704,0.00,-24.99
6663.000,-19,-57723,-9.50,-21.89
6663.100,-132,-57855,-66.00,-30.71
6663.200,-119,-57974,-59.50,-36.47
6663.300,-137,-58111,-68.50,-42.88
6663.400,-105,-58216,-52.50,-44.80
6663.500,-161,-58377,-80.50,-51.94
6663.600,-164,-58541,-82.00,-57.95
6663.700,-16,-58557,-8.00,-47.96
6663.800,0,-58557,0.00,-38.37
6663.900,0,-58557,0.00,-30.70
6664.000,0,-58557,0.00,-24.56
6664.100,-2,-58559,-1.00,-19.85
6664.200,-108,-58667,-54.00,-26.68
6664.300,-164,-58831,-82.00,-37.74
6664.400,-213,-59044,-106.50,-51.49
6664.500,-169,-59213,-84.50,-58.09
6664.600,-267,-59480,-133.50,-73.18
6664.700,-162,-59642,-81.00,-74.74
6664.800,1,-59641,0.50,-59.69
6664.900,0,-59641,0.00,-47.75
6665.000,0,-59641,0.00,-38.20
6665.100,0,-59641,0.00,-30.56
6665.200,-1,-59642,-0.50,-24.55
6665.300,-72,-59714,-36.00,-26.84
6665.400,-180,-59894,-90.00,-39.47
6665.500,-159,-60053,-79.50,-47.48
6665.600,-210,-60263,-105.00,-58.98
6665.700,-169,-60432,-84.50,-64.09
6665.800,-255,-60687,-127.50,-76.77
6665.900,-69,-60756,-34.50,-68.31
6666.000,1,-60755,0.50,-54.55
6666.100,0,-60755,0.00,-43.64
6666.200,0,-60755,0.00,-34.91
6666.300,-4,-60759,-2.00,-28.33
6666.400,-69,-60828,-34.50,-29.56
6666.500,-151,-60979,-75.50,-38.75
6666.600,-173,-61152,-86.50,-48.30
6666.700,-190,-61342,-95.00,-57.64
6666.800,-192,-61534,-96.00,-65.31
6666.900,-185,-61719,-92.50,-70.75
6667.000,-74,-61793,-37.00,-64.00
6667.100,0,-61793,0.00,-51.20
6667.200,0,-61793,0.00,-40.96
6667.300,0,-61793,0.00,-32.77
6667.400,2,-61791,1.00,-26.01
6667.500,-107,-61898,-53.50,-31.51
6667.600,-142,-62040,-71.00,-39.41
6667.700,-115,-62155,-57.50,-43.03
6667.800,-195,-62350,-97.50,-53.92
6667.900,-224,-62574,-112.00,-65.54
6668.000,-178,-62752,-89.00,-70.23
6668.100,-43,-62795,-21.50,-60.48
6668.200,0,-62795,0.00,-48.39
6668.300,0,-62795,0.00,-38.71
6668.400,0,-62795,0.00,-30.97
6668.500,0,-62795,0.00,-24.77
6668.600,0,-62795,0.00,-19.82
6668.700,-76,-62871,-38.00,-23.46
6668.800,-207,-63078,-103.50,-39.46
6668.900,-178,-63256,-89.00,-49.37
6669.000,-194,-63450,-97.00,-58.90
6669.100,-255,-63705,-127.50,-72.62
6669.200,-164,-63869,-82.00,-74.49
6669.300,0,-63869,0.00,-59.60
6669.400,0,-63869,0.00,-47.68
6669.500,0,-63869,0.00,-38.14
6669.600,0,-63869,0.00,-30.51
6669.700,0,-63869,0.00,-24.41
6669.800,-5,-63874,-2.50,-20.03
6669.900,-54,-63928,-27.00,-21.42
6670.000,-118,-64046,-59.00,-28.94
6670.100,-169,-64215,-84.50,-40.05
6670.200,-199,-64414,-99.50,-51.94
6670.300,-173,-64587,-86.50,-58.85
6670.400,-221,-64808,-110.50,-69.18
6670.500,-136,-64944,-68.00,-68.95
6670.600,1,-64943,0.50,-55.06
6670.700,0,-64943,0.00,-44.05
6670.800,0,-64943,0.00,-35.24
6670.900,0,-64943,0.00,-28.19
6671.000,0,-64943,0.00,-22.55
6671.100,-65,-65008,-32.50,-24.54
6671.200,-113,-65121,-56.50,-30.93
6671.300,-179,-65300,-89.50,-42.65
6671.400,-164,-65464,-82.00,-50.52
6671.500,-174,-65638,-87.00,-57.81
6671.600,-184,-65822,-92.00,-64.65
6671.700,-58,-65880,-29.00,-57.52
6671.800,1,-65879,0.50,-45.92
6671.900,0,-65879,0.00,-36.73
6672.000,0,-65879,0.00,-29.39
6672.100,0,-65879,0.00,-23.51
6672.200,-1,-65880,-0.50,-18.91
6672.300,-3,-65883,-1.50,-15.43
6672.400,-148,-66031,-74.00,-27.14
6672.500,-179,-66210,-89.50,-39.61
6672.600,-163,-66373,-81.50,-47.99
6672.700,-183,-66556,-91.50,-56.69
6672.800,-144,-66700,-72.00,-59.75
6672.900,-25,-66725,-12.50,-50.30
6673.000,0,-66725,0.00,-40.24
6673.100,0,-66725,0.00,-32.19
6673.200,-6,-66731,-3.00,-26.36
6673.300,-40,-66771,-20.00,-25.08
6673.400,-27,-66798,-13.50,-22.77
6673.500,-67,-66865,-33.50,-24.91
6673.600,-151,-67016,-75.50,-35.03
6673.700,-174,-67190,-87.00,-45.42
6673.800,-195,-67385,-97.50,-55.84
6673.900,-127,-67512,-63.50,-57.37
6674.000,-150,-67662,-75.00,-60.90
6674.100,-203,-67865,-101.50,-69.02
6674.200,-122,-67987,-61.00,-67.41
6674.300,0,-67987,0.00,-53.93
6674.400,0,-67987,0.00,-43.15
6674.500,0,-67987,0.00,-34.52
6674.600,0,-67987,0.00,-27.61
6674.700,-72,-68059,-36.00,-29.29
6674.800,-214,-68273,-107.00,-44.83
6674.900,-179,-68452,-89.50,-53.77
6675.000,-176,-68628,-88.00,-60.61
6675.100,-134,-68762,-67.00,-61.89
6675.200,-58,-68820,-29.00,-55.31
6675.300,0,-68820,0.00,-44.25
6675.400,0,-68820,0.00,-35.40
6675.500,-36,-68856,-18.00,-31.92
6675.600,-530,-69386,-265.00,-78.54
6675.700,-373,-69759,-186.50,-100.13
6675.800,1,-69758,0.50,-80.00
6675.900,-216,-69974,-108.00,-85.60
6676.000,-637,-70611,-318.50,-132.18
6676.100,7,-70604,3.50,-105.05
6676.200,-1,-70605,-0.50,-84.14
6676.300,-311,-70916,-155.50,-98.41
6676.400,-365,-71281,-182.50,-115.23
6676.500,-67,-71348,-33.50,-98.88
6676.600,4,-71344,2.00,-78.71
6676.700,-199,-71543,-99.50,-82.86
6676.800,-336,-71879,-168.00,-99.89
6676.900,-66,-71945,-33.00,-86.51
6677.000,0,-71945,0.00,-69.21
6677.100,16,-71929,8.00,-53.77
6677.200,-360,-72289,-180.00,-79.01
6677.300,-408,-72697,-204.00,-104.01
6677.400,-3,-72700,-1.50,-83.51
6677.500,47,-72653,23.50,-62.11
6677.600,-184,-72837,-92.00,-68.09
6677.700,-583,-73420,-291.50,-112.77
6677.800,-16,-73436,-8.00,-91.82
6677.900,5,-73431,2.50,-72.95
6678.000,-194,-73625,-97.00,-77.76
6678.100,-659,-74284,-329.50,-128.11
6678.200,-29,-74313,-14.50,-105.39
6678.300,14,-74299,7.00,-82.91
6678.400,-341,-74640,-170.50,-100.43
6678.500,-613,-75253,-306.50,-141.64
6678.600,102,-75151,51.00,-103.11
6678.700,14,-75137,7.00,-81.09
6678.800,-156,-75293,-78.00,-80.47
6678.900,-593,-75886,-296.50,-123.68
6679.000,-194,-76080,-97.00,-118.34
6679.100,0,-76080,0.00,-94.67
6679.200,-74,-76154,-37.00,-83.14
6679.300,-623,-76777,-311.50,-128.81
6679.400,-143,-76920,-71.50,-117.35
6679.500,1,-76919,0.50,-93.78
6679.600,-366,-77285,-183.00,-111.62
6679.700,-547,-77832,-273.50,-144.00
6679.800,46,-77786,23.00,-110.60
6679.900,-74,-77860,-37.00,-95.88
6680.000,-856,-78716,-428.00,-162.30
6680.100,-110,-78826,-55.00,-140.84
6680.200,66,-78760,33.00,-106.07
6680.300,-720,-79480,-360.00,-156.86
6680.400,3,-79477,1.50,-125.19
6680.500,72,-79405,36.00,-92.95
6680.600,-708,-80113,-354.00,-145.16
6680.700,-18,-80131,-9.00,-117.93
6680.800,-176,-80307,-88.00,-111.94
6680.900,-692,-80999,-346.00,-158.75
6681.000,-53,-81052,-26.50,-132.30
6681.100,-379,-81431,-189.50,-143.74
6681.200,-691,-82122,-345.50,-184.09
6681.300,-9,-82131,-4.50,-148.18
6681.400,-451,-82582,-225.50,-163.64
6681.500,-487,-83069,-243.50,-179.61
6681.600,90,-82979,45.00,-134.69
6681.700,-601,-83580,-300.50,-167.85
6681.800,-324,-83904,-162.00,-166.68
6681.900,140,-83764,70.00,-119.35
6682.000,-721,-84485,-360.50,-167.58
6682.100,-73,-84558,-36.50,-141.36
6682.200,-195,-84753,-97.50,-132.59
6682.300,-528,-85281,-264.00,-158.87
6682.400,-154,-85435,-77.00,-142.50
6682.500,-249,-85684,-124.50,-138.90
6682.600,-595,-86279,-297.50,-170.62
6682.700,45,-86234,22.50,-131.99
6682.800,-398,-86632,-199.00,-145.40
6682.900,-476,-87108,-238.00,-163.92
6683.000,141,-86967,70.50,-117.03
6683.100,-591,-87558,-295.50,-152.73
6683.200,-322,-87880,-161.00,-154.38
6683.300,161,-87719,80.50,-107.40
6683.400,-536,-88255,-268.00,-139.52
6683.500,-148,-88403,-74.00,-126.42
6683.600,-154,-88557,-77.00,-116.54
6683.700,-588,-89145,-294.00,-152.03
6683.800,-135,-89280,-67.50,-135.12
6683.900,-409,-89689,-204.50,-149.00
6684.000,-406,-90095,-203.00,-159.80
6684.100,71,-90024,35.50,-120.74
6684.200,-602,-90626,-301.00,-156.79
6684.300,-370,-90996,-185.00,-162.43
6684.400,-11,-91007,-5.50,-131.05
6684.500,-633,-91640,-316.50,-168.14
6684.600,-91,-91731,-45.50,-143.61
6684.700,-345,-92076,-172.50,-149.39
6684.800,-543,-92619,-271.50,-173.81
6684.900,-95,-92714,-47.50,-148.55
6685.000,-371,-93085,-185.50,-155.94
6685.100,-532,-93617,-266.00,-177.95
6685.200,353,-93264,176.50,-107.06
6685.300,-382,-93646,-191.00,-123.85
6685.400,-443,-94089,-221.50,-143.38
6685.500,225,-93864,112.50,-92.20
6685.600,-589,-94453,-294.50,-132.66
6685.700,-245,-94698,-122.50,-130.63
6685.800,-180,-94878,-90.00,-122.50
6685.900,-646,-95524,-323.00,-162.60
6686.000,-15,-95539,-7.50,-131.58
6686.100,-314,-95853,-157.00,-136.67
6686.200,-588,-96441,-294.00,-168.13
6686.300,74,-96367,37.00,-127.11
6686.400,-447,-96814,-223.50,-146.39
6686.500,-425,-97239,-212.50,-159.61
6686.600,15,-97224,7.50,-126.19
6686.700,-702,-97926,-351.00,-171.15
6686.800,-181,-98107,-90.50,-155.02
6686.900,-68,-98175,-34.00,-130.82
6687.000,-576,-98751,-288.00,-162.25
6687.100,-104,-98855,-52.00,-140.20
6687.200,-76,-98931,-38.00,-119.76
6687.300,-592,-99523,-296.00,-155.01
6687.400,-40,-99563,-20.00,-128.01
6687.500,-465,-100028,-232.50,-148.91
6687.600,-423,-100451,-211.50,-161.42
6687.700,13,-100438,6.50,-127.84
6687.800,-451,-100889,-225.50,-147.37
6687.900,-322,-101211,-161.00,-150.10
6688.000,143,-101068,71.50,-105.78
6688.100,-429,-101497,-214.50,-127.52
6688.200,-331,-101828,-165.50,-135.12
6688.300,31,-101797,15.50,-104.99
6688.400,-446,-102243,-223.00,-128.60
6688.500,-141,-102384,-70.50,-116.98
6688.600,35,-102349,17.50,-90.08
6688.700,-460,-102809,-230.00,-118.06
6688.800,-173,-102982,-86.50,-111.75
6688.900,-92,-103074,-46.00,-98.60
6689.000,-638,-103712,-319.00,-142.68
6689.100,312,-103400,156.00,-82.94
6689.200,-489,-103889,-244.50,-115.26
6689.300,-391,-104280,-195.50,-131.30
6689.400,179,-104101,89.50,-87.14
6689.500,-597,-104698,-298.50,-129.42
6689.600,-183,-104881,-91.50,-121.83
6689.700,-160,-105041,-80.00,-113.47
6689.800,-613,-105654,-306.50,-152.07
6689.900,115,-105539,57.50,-110.16
6690.000,-395,-105934,-197.50,-127.63
6690.100,-513,-106447,-256.50,-153.40
6690.200,155,-106292,77.50,-107.22
6690.300,-577,-106869,-288.50,-143.48
6690.400,-146,-107015,-73.00,-129.38
6690.500,90,-106925,45.00,-94.51
6690.600,-570,-107495,-285.00,-132.60
6690.700,-88,-107583,-44.00,-114.88
6690.800,-496,-108079,-248.00,-141.51
6690.900,-400,-108479,-200.00,-153.21
6691.000,240,-108239,120.00,-98.56
6691.100,-732,-108971,-366.00,-152.05
6691.200,-26,-108997,-13.00,-124.24
6691.300,-180,-109177,-90.00,-117.39
6691.400,-526,-109703,-263.00,-146.51
6691.500,-37,-109740,-18.50,-120.91
6691.600,-392,-110132,-196.00,-135.93
6691.700,-485,-110617,-242.50,-157.24
6691.800,-35,-110652,-17.50,-129.29
6691.900,-576,-111228,-288.00,-161.04
6692.000,-101,-111329,-50.50,-138.93
6692.100,-199,-111528,-99.50,-131.04
6692.200,-613,-112141,-306.50,-166.13
6692.300,-142,-112283,-71.00,-147.11
6692.400,-338,-112621,-169.00,-151.49
6692.500,-616,-113237,-308.00,-182.79
6692.600,-18,-113255,-9.00,-148.03
6692.700,-404,-113659,-202.00,-158.82
6692.800,-482,-114141,-241.00,-175.26
6692.900,-30,-114171,-15.00,-143.21
6693.000,-484,-114655,-242.00,-162.97
6693.100,-315,-114970,-157.50,-161.87
6693.200,-26,-114996,-13.00,-132.10
6693.300,-611,-115607,-305.50,-166.78
6693.400,-145,-115752,-72.50,-147.92
6693.500,34,-115718,17.00,-114.94
6693.600,-339,-116057,-169.50,-125.85
6693.700,33,-116024,16.50,-97.38
6693.800,-127,-116151,-63.50,-90.60
6693.900,-582,-116733,-291.00,-130.68
6694.000,194,-116539,97.00,-85.15
6694.100,-234,-116773,-117.00,-91.52
6694.200,-454,-117227,-227.00,-118.61
6694.300,217,-117010,108.50,-73.19
6694.400,-353,-117363,-176.50,-93.85
6694.500,-552,-117915,-276.00,-130.28
6694.600,115,-117800,57.50,-92.73
6694.700,-266,-118066,-133.00,-100.78
6694.800,-439,-118505,-219.50,-124.52
6694.900,242,-118263,121.00,-75.42
6695.000,-385,-118648,-192.50,-98.84
6695.100,-390,-119038,-195.00,-118.07
6695.200,209,-118829,104.50,-73.55
6695.300,-323,-119152,-161.50,-91.14
6695.400,-283,-119435,-141.50,-101.22
6695.500,44,-119391,22.00,-76.57
6695.600,-487,-119878,-243.50,-109.96
6695.700,98,-119780,49.00,-78.17
6695.800,-136,-119916,-68.00,-76.13
6695.900,-359,-120275,-179.50,-96.81
6696.000,195,-120080,97.50,-57.95
6696.100,-148,-120228,-74.00,-61.16
6696.200,-475,-120703,-237.50,-96.42
6696.300,269,-120434,134.50,-50.24
6696.400,-426,-120860,-213.00,-82.79
6696.500,-211,-121071,-105.50,-87.33
6696.600,194,-120877,97.00,-50.47
6696.700,-551,-121428,-275.50,-95.47
6696.800,52,-121376,26.00,-71.18
6696.900,-13,-121389,-6.50,-58.24
6697.000,-384,-121773,-192.00,-84.99
6697.100,20,-121753,10.00,-66.00
6697.200,-304,-122057,-152.00,-83.20
6697.300,-357,-122414,-178.50,-102.26
6697.400,10,-122404,5.00,-80.81
6697.500,-428,-122832,-214.00,-107.44
6697.600,-383,-123215,-191.50,-124.26
6697.700,148,-123067,74.00,-84.60
6697.800,-351,-123418,-175.50,-102.78
6697.900,-228,-123646,-114.00,-105.03
6698.000,-2,-123648,-1.00,-84.22
6698.100,-603,-124251,-301.50,-127.68
6698.200,-186,-124437,-93.00,-120.74
6698.300,-76,-124513,-38.00,-104.19
6698.400,-188,-124701,-94.00,-102.15
6698.500,-243,-124944,-121.50,-106.02
6698.600,159,-124785,79.50,-68.92
6698.700,-453,-125238,-226.50,-100.44
6698.800,-332,-125570,-166.00,-113.55
6698.900,-145,-125715,-72.50,-105.34
6699.000,-456,-126171,-228.00,-129.87
6699.100,24,-126147,12.00,-101.50
6699.200,-124,-126271,-62.00,-93.60
6699.300,-653,-126924,-326.50,-140.18
6699.400,132,-126792,66.00,-98.94
6699.500,-330,-127122,-165.00,-112.15
6699.600,-486,-127608,-243.00,-138.32
6699.700,87,-127521,43.50,-101.96
6699.800,-381,-127902,-190.50,-119.67
6699.900,-370,-128272,-185.00,-132.73
6700.000,255,-128017,127.50,-80.69
6700.100,-593,-128610,-296.50,-123.85
6700.200,-225,-128835,-112.50,-121.58
6700.300,292,-128543,146.00,-68.06
6700.400,-365,-128908,-182.50,-90.95
6700.500,-168,-129076,-84.00,-89.56
6700.600,109,-128967,54.50,-60.75
6700.700,-508,-129475,-254.00,-99.40
6700.800,-126,-129601,-63.00,-92.12
6700.900,-57,-129658,-28.50,-79.40
6701.000,-377,-130035,-188.50,-101.22
6701.100,43,-129992,21.50,-76.67
6701.200,-303,-130295,-151.50,-91.64
6701.300,-380,-130675,-190.00,-111.31
6701.400,-96,-130771,-48.00,-98.65
6701.500,-413,-131184,-206.50,-120.22
6701.600,-351,-131535,-175.50,-131.28
6701.700,15,-131520,7.50,-103.52
6701.800,-535,-132055,-267.50,-136.32
6701.900,-319,-132374,-159.50,-140.95
6702.000,-22,-132396,-11.00,-114.96
6702.100,-424,-132820,-212.00,-134.37
6702.200,-208,-133028,-104.00,-128.30
6702.300,115,-132913,57.50,-91.14
6702.400,-526,-133439,-263.00,-125.51
6702.500,-107,-133546,-53.50,-111.11
6702.600,-73,-133619,-36.50,-96.19
6702.700,-340,-133959,-170.00,-110.95
6702.800,128,-133831,64.00,-75.96
6702.900,-237,-134068,-118.50,-84.47
6703.000,-590,-134658,-295.00,-126.57
6703.100,16,-134642,8.00,-99.66
6703.200,-299,-134941,-149.50,-109.63
6703.300,-310,-135251,-155.00,-118.70
6703.400,323,-134928,161.50,-62.66
6703.500,-469,-135397,-234.50,-97.03
6703.600,-358,-135755,-179.00,-113.42
6703.700,214,-135541,107.00,-69.34
6703.800,-426,-135967,-213.00,-98.07
6703.900,-386,-136353,-193.00,-117.06
6704.000,257,-136096,128.50,-67.95
6704.100,-307,-136403,-153.50,-85.06
6704.200,-342,-136745,-171.00,-102.25
6704.300,287,-136458,143.50,-53.10
6704.400,-507,-136965,-253.50,-93.18
6704.500,-26,-136991,-13.00,-77.14
6704.600,-79,-137070,-39.50,-69.61
6704.700,-408,-137478,-204.00,-96.49
6704.800,-90,-137568,-45.00,-86.19
6704.900,-74,-137642,-37.00,-76.35
6705.000,-320,-137962,-160.00,-93.08
6705.100,30,-137932,15.00,-71.47
6705.200,33,-137899,16.50,-53.87
6705.300,-419,-138318,-209.50,-85.00
6705.400,-141,-138459,-70.50,-82.10
6705.500,-52,-138511,-26.00,-70.88
6705.600,-488,-138999,-244.00,-105.50
6705.700,-433,-139432,-216.50,-127.70
6705.800,7,-139425,3.50,-101.46
6705.900,-258,-139683,-129.00,-106.97
6706.000,-286,-139969,-143.00,-114.18
6706.100,140,-139829,70.00,-77.34
6706.200,-312,-140141,-156.00,-93.07
6706.300,-366,-140507,-183.00,-111.06
6706.400,70,-140437,35.00,-81.85
6706.500,-350,-140787,-175.00,-100.48
6706.600,-241,-141028,-120.50,-104.48
6706.700,2,-141026,1.00,-83.39
6706.800,-360,-141386,-180.00,-102.71
6706.900,-227,-141613,-113.50,-104.87
6707.000,-13,-141626,-6.50,-85.19
6707.100,-349,-141975,-174.50,-103.05
6707.200,-139,-142114,-69.50,-96.34
6707.300,125,-141989,62.50,-64.57
6707.400,-311,-142300,-155.50,-82.76
6707.500,22,-142278,11.00,-64.01
6707.600,144,-142134,72.00,-36.81
6707.700,-453,-142587,-226.50,-74.75
6707.800,-319,-142906,-159.50,-91.70
6707.900,15,-142891,7.50,-71.86
6708.000,-410,-143301,-205.00,-98.49
6708.100,35,-143266,17.50,-75.29
6708.200,82,-143184,41.00,-52.03
6708.300,-436,-143620,-218.00,-85.22
6708.400,-10,-143630,-5.00,-69.18
6708.500,-101,-143731,-50.50,-65.44
6708.600,-383,-144114,-191.50,-90.65
6708.700,-9,-144123,-4.50,-73.42
6708.800,-207,-144330,-103.50,-79.44
6708.900,-465,-144795,-232.50,-110.05
6709.000,-39,-144834,-19.50,-91.94
6709.100,-155,-144989,-77.50,-89.05
6709.200,-463,-145452,-231.50,-117.54
6709.300,-90,-145542,-45.00,-103.03
6709.400,-247,-145789,-123.50,-107.13
6709.500,-501,-146290,-250.50,-135.80
6709.600,-108,-146398,-54.00,-119.44
6709.700,-153,-146551,-76.50,-110.85
6709.800,-387,-146938,-193.50,-127.38
6709.900,-20,-146958,-10.00,-103.91
6710.000,-226,-147184,-113.00,-105.72
6710.100,-437,-147621,-218.50,-128.28
6710.200,-96,-147717,-48.00,-112.22
6710.300,-319,-148036,-159.50,-121.68
6710.400,-435,-148471,-217.50,-140.84
6710.500,50,-148421,25.00,-107.67
6710.600,-382,-148803,-191.00,-124.34
6710.700,-318,-149121,-159.00,-131.27
6710.800,148,-148973,74.00,-90.22
6710.900,-220,-149193,-110.00,-94.17
6711.000,-477,-149670,-238.50,-123.04
6711.100,96,-149574,48.00,-88.83
6711.200,-459,-150033,-229.50,-116.97
6711.300,-429,-150462,-214.50,-136.47
6711.400,351,-150111,175.50,-74.08
6711.500,-416,-150527,-208.00,-100.86
6711.600,-436,-150963,-218.00,-124.29
6711.700,4,-150959,2.00,-99.03
6711.800,-174,-151133,-87.00,-96.63
6711.900,-525,-151658,-262.50,-129.80
6712.000,121,-151537,60.50,-91.74
6712.100,-266,-151803,-133.00,-99.99
6712.200,-509,-152312,-254.50,-130.89
6712.300,-34,-152346,-17.00,-108.12
6712.400,-192,-152538,-96.00,-105.69
6712.500,-562,-153100,-281.00,-140.75
6712.600,119,-152981,59.50,-100.70
6712.700,-259,-153240,-129.50,-106.46
6712.800,-387,-153627,-193.50,-123.87
6712.900,282,-153345,141.00,-70.90
6713.000,-259,-153604,-129.50,-82.62
6713.100,-384,-153988,-192.00,-104.49
6713.200,133,-153855,66.50,-70.29
6713.300,-439,-154294,-219.50,-100.14
6713.400,-277,-154571,-138.50,-107.81
6713.500,0,-154571,0.00,-86.25
6713.600,-347,-154918,-173.50,-103.70
6713.700,-273,-155191,-136.50,-110.26
6713.800,244,-154947,122.00,-63.81
6713.900,-286,-155233,-143.00,-79.65
6714.000,-411,-155644,-205.50,-104.82
6714.100,287,-155357,143.50,-55.15
6714.200,-345,-155702,-172.50,-78.62
6714.300,-283,-155985,-141.50,-91.20
6714.400,6,-155979,3.00,-72.36
6714.500,-300,-156279,-150.00,-87.89
6714.600,-524,-156803,-262.00,-122.71
6714.700,35,-156768,17.50,-94.67
6714.800,-447,-157215,-223.50,-120.43
6714.900,-413,-157628,-206.50,-137.65
6715.000,14,-157614,7.00,-108.72
6715.100,-347,-157961,-173.50,-121.67
6715.200,-366,-158327,-183.00,-133.94
6715.300,-28,-158355,-14.00,-109.95
6715.400,-555,-158910,-277.50,-143.46
6715.500,-151,-159061,-75.50,-129.87
6715.600,-116,-159177,-58.00,-115.50
6715.700,-597,-159774,-298.50,-152.10
6715.800,-24,-159798,-12.00,-124.08
6715.900,-183,-159981,-91.50,-117.56
6716.000,-532,-160513,-266.00,-147.25
6716.100,-4,-160517,-2.00,-118.20
6716.200,-200,-160717,-100.00,-114.56
6716.300,-518,-161235,-259.00,-143.45
6716.400,118,-161117,59.00,-102.96
6716.500,-130,-161247,-65.00,-95.37
6716.600,-473,-161720,-236.50,-123.59
6716.700,-53,-161773,-26.50,-104.17
6716.800,-181,-161954,-90.50,-101.44
6716.900,-396,-162350,-198.00,-120.75
6717.000,-42,-162392,-21.00,-100.80
6717.100,-335,-162727,-167.50,-114.14
6717.200,-292,-163019,-146.00,-120.51
6717.300,65,-162954,32.50,-89.91
6717.400,-110,-163064,-55.00,-82.93
6717.500,-554,-163618,-277.00,-121.74
6717.600,-75,-163693,-37.50,-104.89
6717.700,-218,-163911,-109.00,-105.72
6717.800,-411,-164322,-205.50,-125.67
6717.900,0,-164322,0.00,-100.54
6718.000,-93,-164415,-46.50,-89.73
6718.100,-435,-164850,-217.50,-115.28
6718.200,91,-164759,45.50,-83.13
6718.300,-171,-164930,-85.50,-83.60
6718.400,-292,-165222,-146.00,-96.08
6718.500,203,-165019,101.50,-56.57
6718.600,-320,-165339,-160.00,-77.25
6718.700,-467,-165806,-233.50,-108.50
6718.800,0,-165806,0.00,-86.80
6718.900,-268,-166074,-134.00,-96.24
6719.000,-485,-166559,-242.50,-125.49
6719.100,212,-166347,106.00,-79.19
6719.200,-144,-166491,-72.00,-77.76
6719.300,-563,-167054,-281.50,-118.50
6719.400,224,-166830,112.00,-72.40
6719.500,-156,-166986,-78.00,-73.52
6719.600,-608,-167594,-304.00,-119.62
6719.700,162,-167432,81.00,-79.49
6719.800,-138,-167570,-69.00,-77.40
6719.900,-558,-168128,-279.00,-117.72
6720.000,-46,-168174,-23.00,-98.77
6720.100,-243,-168417,-121.50,-103.32
6720.200,-456,-168873,-228.00,-128.25
6720.300,370,-168503,185.00,-65.60
6720.400,-343,-168846,-171.50,-86.78
6720.500,-329,-169175,-164.50,-102.33
6720.600,312,-168863,156.00,-50.66
6720.700,-412,-169275,-206.00,-81.73
6720.800,-311,-169586,-155.50,-96.48
6720.900,28,-169558,14.00,-74.39
6721.000,-328,-169886,-164.00,-92.31
6721.100,-214,-170100,-107.00,-95.25
6721.200,323,-169777,161.50,-43.90
6721.300,-473,-170250,-236.50,-82.42
6721.400,-226,-170476,-113.00,-88.53
6721.500,134,-170342,67.00,-57.43
6721.600,-438,-170780,-219.00,-89.74
6721.700,-300,-171080,-150.00,-101.79
6721.800,-133,-171213,-66.50,-94.73
6721.900,-405,-171618,-202.50,-116.29
6722.000,-234,-171852,-117.00,-116.43
6722.100,521,-171331,260.50,-41.04
6722.200,-437,-171768,-218.50,-76.54
6722.300,-288,-172056,-144.00,-90.03
6722.400,466,-171590,233.00,-25.42
6722.500,-555,-172145,-277.50,-75.84
6722.600,-214,-172359,-107.00,-82.07
6722.700,79,-172280,39.50,-57.76
6722.800,-367,-172647,-183.50,-82.91
6722.900,-49,-172696,-24.50,-71.22
6723.000,221,-172475,110.50,-34.88
6723.100,-391,-172866,-195.50,-67.00
6723.200,-355,-173221,-177.50,-89.10
6723.300,407,-172814,203.50,-30.58
6723.400,-429,-173243,-214.50,-67.37
6723.500,-403,-173646,-201.50,-94.19
6723.600,169,-173477,84.50,-58.45
6723.700,-406,-173883,-203.00,-87.36
6723.800,-480,-174363,-240.00,-117.89
6723.900,-16,-174379,-8.00,-95.91
6724.000,-400,-174779,-200.00,-116.73
6724.100,-207,-174986,-103.50,-114.08
6724.200,15,-174971,7.50,-89.77
6724.300,-492,-175463,-246.00,-121.01
6724.400,-224,-175687,-112.00,-119.21
6724.500,5,-175682,2.50,-94.87
6724.600,-433,-176115,-216.50,-119.20
6724.700,-72,-176187,-36.00,-102.56
6724.800,-131,-176318,-65.50,-95.14
6724.900,-603,-176921,-301.50,-136.42
6725.000,241,-176680,120.50,-85.03
6725.100,-281,-176961,-140.50,-96.13
6725.200,-434,-177395,-217.00,-120.30
6725.300,80,-177315,40.00,-88.24
6725.400,-164,-177479,-82.00,-86.99
6725.500,-397,-177876,-198.50,-109.29
6725.600,30,-177846,15.00,-84.44
6725.700,-291,-178137,-145.50,-96.65
6725.800,-436,-178573,-218.00,-120.92
6725.900,245,-178328,122.50,-72.23
6726.000,-265,-178593,-132.50,-84.29
6726.100,-440,-179033,-220.00,-111.43
6726.200,53,-178980,26.50,-83.84
6726.300,-299,-179279,-149.50,-96.98
6726.400,-313,-179592,-156.50,-108.88
6726.500,492,-179100,246.00,-37.90
6726.600,-291,-179391,-145.50,-59.42
6726.700,-469,-179860,-234.50,-94.44
6726.800,171,-179689,85.50,-58.45
6726.900,-395,-180084,-197.50,-86.26
6727.000,-349,-180433,-174.50,-103.91
6727.100,58,-180375,29.00,-77.33
6727.200,-307,-180682,-153.50,-92.56
6727.300,-416,-181098,-208.00,-115.65
6727.400,-1,-181099,-0.50,-92.62
6727.500,-73,-181172,-36.50,-81.40
6727.600,-471,-181643,-235.50,-112.22
6727.700,-3,-181646,-1.50,-90.07
6727.800,-149,-181795,-74.50,-86.96
6727.900,-522,-182317,-261.00,-121.77
6728.000,-308,-182625,-154.00,-128.21
6728.100,1,-182624,0.50,-102.47
6728.200,0,-182624,0.00,-81.98
6728.300,0,-182624,0.00,-65.58
6728.400,0,-182624,0.00,-52.47
6728.500,0,-182624,0.00,-41.97
6728.600,0,-182624,0.00,-33.58
6728.700,0,-182624,0.00,-26.86
6728.800,0,-182624,0.00,-21.49
6728.900,0,-182624,0.00,-17.19
6729.000,0,-182624,0.00,-13.75
6729.100,0,-182624,0.00,-11.00
6729.200,0,-182624,0.00,-8.80
6729.300,0,-182624,0.00,-7.04
6729.400,0,-182624,0.00,-5.63
6729.500,0,-182624,0.00,-4.51
6729.600,0,-182624,0.00,-3.61
6729.700,0,-182624,0.00,-2.88
6729.800,0,-182624,0.00,-2.31
6729.900,0,-182624,0.00,-1.85
6730.000,0,-182624,0.00,-1.48
6730.100,0,-182624,0.00,-1.18
6730.200,0,-182624,0.00,-0.95
6730.300,0,-182624,0.00,-0.76
6730.400,0,-182624,0.00,-0.60
6730.500,0,-182624,0.00,-0.48
6730.600,0,-182624,0.00,-0.39
6730.700,0,-182624,0.00,-0.31
6730.800,0,-182624,0.00,-0.25
6730.900,0,-182624,0.00,-0.20
6731.000,0,-182624,0.00,-0.16
6731.100,0,-182624,0.00,-0.13
6731.200,0,-182624,0.00,-0.10
6731.300,0,-182624,0.00,-0.08
6731.400,0,-182624,0.00,-0.06
6731.500,0,-182624,0.00,-0.05
6731.600,0,-182624,0.00,-0.04
6731.700,0,-182624,0.00,-0.03
6731.800,0,-182624,0.00,-0.03
6731.900,0,-182624,0.00,-0.02
6732.000,0,-182624,0.00,-0.02
6732.100,0,-182624,0.00,-0.01
6732.200,0,-182624,0.00,-0.01
6732.300,0,-182624,0.00,-0.01
6732.400,0,-182624,0.00,-0.01
6732.500,0,-182624,0.00,-0.01
6732.600,0,-182624,0.00,-0.00
6732.700,0,-182624,0.00,-0.00
6732.800,0,-182624,0.00,-0.00
6732.900,0,-182624,0.00,-0.00
6733.000,0,-182624,0.00,-0.00
6733.100,0,-182624,0.00,-0.00
6733.200,0,-182624,0.00,-0.00
6733.300,0,-182624,0.00,-0.00
6733.400,0,-182624,0.00,-0.00
6733.500,0,-182624,0.00,-0.00
6733.600,0,-182624,0.00,-0.00
6733.700,0,-182624,0.00,-0.00
6733.800,0,-182624,0.00,-0.00
6733.900,0,-182624,0.00,-0.00
6734.000,0,-182624,0.00,-0.00
6734.100,0,-182624,0.00,-0.00
6734.200,0,-182624,0.00,-0.00
6734.300,0,-182624,0.00,-0.00
6734.400,0,-182624,0.00,-0.00
6734.500,0,-182624,0.00,-0.00
6734.600,0,-182624,0.00,-0.00
6734.700,0,-182624,0.00,-0.00
6734.800,0,-182624,0.00,-0.00
6734.900,0,-182624,0.00,-0.00
6735.000,0,-182624,0.00,-0.00
6735.100,0,-182624,0.00,-0.00
6735.200,0,-182624,0.00,-0.00
6735.300,0,-182624,0.00,-0.00
6735.400,0,-182624,0.00,-0.00
6735.500,0,-182624,0.00,-0.00
6735.600,0,-182624,0.00,-0.00
6735.700,0,-182624,0.00,-0.00
6735.800,0,-182624,0.00,-0.00
6735.900,0,-182624,0.00,-0.00
6736.000,0,-182624,0.00,-0.00
6736.100,0,-182624,0.00,-0.00
6736.200,0,-182624,0.00,-0.00
6736.300,0,-182624,0.00,-0.00
6736.400,0,-182624,0.00,-0.00
6736.500,0,-182624,0.00,-0.00
6736.600,0,-182624,0.00,-0.00
6736.700,0,-182624,0.00,-0.00
6736.800,0,-182624,0.00,-0.00
6736.900,0,-182624,0.00,-0.00
6737.000,0,-182624,0.00,-0.00
6737.100,0,-182624,0.00,-0.00
6737.200,0,-182624,0.00,-0.00
6737.300,0,-182624,0.00,-0.00
6737.400,0,-182624,0.00,-0.00
6737.500,0,-182624,0.00,-0.00
6737.600,0,-182624,0.00,-0.00
6737.700,0,-182624,0.00,-0.00
6737.800,0,-182624,0.00,-0.00
6737.900,0,-182624,0.00,-0.00
6738.000,0,-182624,0.00,-0.00
6738.100,0,-182624,0.00,-0.00
6738.200,0,-182624,0.00,-0.00
6738.300,0,-182624,0.00,-0.00
6738.400,0,-182624,0.00,-0.00
6738.500,0,-182624,0.00,-0.00
6738.600,0,-182624,0.00,-0.00
6738.700,0,-182624,0.00,-0.00
6738.800,0,-182624,0.00,-0.00
6738.900,0,-182624,0.00,-0.00
6739.000,0,-182624,0.00,-0.00
6739.100,0,-182624,0.00,-0.00
6739.200,0,-182624,0.00,-0.00
6739.300,0,-182624,0.00,-0.00
6739.400,0,-182624,0.00,-0.00
6739.500,0,-182624,0.00,-0.00
6739.600,0,-182624,0.00,-0.00
6739.700,0,-182624,0.00,-0.00
6739.800,0,-182624,0.00,-0.00
6739.900,0,-182624,0.00,-0.00
6740.000,0,-182624,0.00,-0.00
6740.100,0,-182624,0.00,-0.00
6740.200,0,-182624,0.00,-0.00
6740.300,0,-182624,0.00,-0.00
6740.400,0,-182624,0.00,-0.00
6740.500,0,-182624,0.00,-0.00
6740.600,0,-182624,0.00,-0.00
6740.700,0,-182624,0.00,-0.00
6740.800,0,-182624,0.00,-0.00
6740.900,0,-182624,0.00,-0.00
6741.000,0,-182624,0.00,-0.00
6741.100,0,-182624,0.00,-0.00
6741.200,0,-182624,0.00,-0.00
6741.300,0,-182624,0.00,-0.00
6741.400,0,-182624,0.00,-0.00
6741.500,0,-182624,0.00,-0.00
6741.600,0,-182624,0.00,-0.00
6741.700,0,-182624,0.00,-0.00
6741.800,0,-182624,0.00,-0.00
6741.900,0,-182624,0.00,-0.00
6742.000,0,-182624,0.00,-0.00
6742.100,0,-182624,0.00,-0.00
6742.200,0,-182624,0.00,-0.00
6742.300,0,-182624,0.00,-0.00
6742.400,0,-182624,0.00,-0.00
6742.500,0,-182624,0.00,-0.00
6742.600,0,-182624,0.00,-0.00
6742.700,0,-182624,0.00,-0.00
6742.800,0,-182624,0.00,-0.00
6742.900,0,-182624,0.00,-0.00
6743.000,0,-182624,0.00,-0.00
6743.100,0,-182624,0.00,-0.00
6743.200,0,-182624,0.00,-0.00
6743.300,0,-182624,0.00,-0.00
6743.400,0,-182624,0.00,-0.00
6743.500,0,-182624,0.00,-0.00
6743.600,0,-182624,0.00,-0.00
6743.700,0,-182624,0.00,-0.00
6743.800,0,-182624,0.00,-0.00
6743.900,0,-182624,0.00,-0.00
6744.000,0,-182624,0.00,-0.00
6744.100,0,-182624,0.00,-0.00
6744.200,0,-182624,0.00,-0.00
6744.300,0,-182624,0.00,-0.00
6744.400,0,-182624,0.00,-0.00
6744.500,0,-182624,0.00,-0.00
6744.600,0,-182624,0.00,-0.00
6744.700,0,-182624,0.00,-0.00
6744.800,0,-182624,0.00,-0.00
6744.900,0,-182624,0.00,-0.00
6745.000,0,-182624,0.00,-0.00
6745.100,0,-182624,0.00,-0.00
6745.200,0,-182624,0.00,-0.00
6745.300,0,-182624,0.00,-0.00
6745.400,0,-182624,0.00,-0.00
6745.500,0,-182624,0.00,-0.00
6745.600,0,-182624,0.00,-0.00
6745.700,0,-182624,0.00,-0.00
6745.800,0,-182624,0.00,-0.00
6745.900,0,-182624,0.00,-0.00
6746.000,0,-182624,0.00,-0.00
6746.100,0,-182624,0.00,-0.00
6746.200,0,-182624,0.00,-0.00
6746.300,0,-182624,0.00,-0.00
6746.400,0,-182624,0.00,-0.00
6746.500,0,-182624,0.00,-0.00
6746.600,0,-182624,0.00,-0.00
6746.700,0,-182624,0.00,-0.00
6746.800,0,-182624,0.00,-0.00
6746.900,0,-182624,0.00,-0.00
6747.000,0,-182624,0.00,-0.00
6747.100,0,-182624,0.00,-0.00
6747.200,0,-182624,0.00,-0.00
6747.300,0,-182624,0.00,-0.00
6747.400,0,-182624,0.00,-0.00
6747.500,0,-182624,0.00,-0.00
6747.600,0,-182624,0.00,-0.00
6747.700,0,-182624,0.00,-0.00
6747.800,0,-182624,0.00,-0.00
6747.900,0,-182624,0.00,-0.00
6748.000,0,-182624,0.00,-0.00
6748.100,0,-182624,0.00,-0.00
6748.200,0,-182624,0.00,-0.00
6748.300,0,-182624,0.00,-0.00
6748.400,0,-182624,0.00,-0.00
6748.500,0,-182624,0.00,-0.00
6748.600,0,-182624,0.00,-0.00
6748.700,0,-182624,0.00,-0.00
6748.800,0,-182624,0.00,-0.00
6748.900,0,-182624,0.00,-0.00
6749.000,0,-182624,0.00,-0.00
6749.100,0,-182624,0.00,-0.00
6749.200,0,-182624,0.00,-0.00
6749.300,0,-182624,0.00,-0.00
6749.400,0,-182624,0.00,-0.00
6749.500,0,-182624,0.00,-0.00
6749.600,0,-182624,0.00,-0.00
6749.700,0,-182624,0.00,-0.00
6749.800,0,-182624,0.00,-0.00
6749.900,0,-182624,0.00,-0.00
6750.000,0,-182624,0.00,-0.00
6750.100,0,-182624,0.00,-0.00
6750.200,0,-182624,0.00,-0.00
6750.300,0,-182624,0.00,-0.00
6750.400,0,-182624,0.00,-0.00
6750.500,0,-182624,0.00,-0.00
6750.600,0,-182624,0.00,-0.00
6750.700,0,-182624,0.00,-0.00
6750.800,0,-182624,0.00,-0.00
6750.900,0,-182624,0.00,-0.00
6751.000,0,-182624,0.00,-0.00
6751.100,0,-182624,0.00,-0.00
6751.200,0,-182624,0.00,-0.00
6751.300,0,-182624,0.00,-0.00
6751.400,0,-182624,0.00,-0.00
6751.500,0,-182624,0.00,-0.00
6751.600,0,-182624,0.00,-0.00
6751.700,0,-182624,0.00,-0.00
6751.800,0,-182624,0.00,-0.00
6751.900,0,-182624,0.00,-0.00
6752.000,0,-182624,0.00,-0.00
6752.100,0,-182624,0.00,-0.00
6752.200,0,-182624,0.00,-0.00
6752.300,0,-182624,0.00,-0.00
6752.400,0,-182624,0.00,-0.00
6752.500,0,-182624,0.00,-0.00
6752.600,0,-182624,0.00,-0.00
6752.700,0,-182624,0.00,-0.00
6752.800,0,-182624,0.00,-0.00
6752.900,0,-182624,0.00,-0.00
6753.000,0,-182624,0.00,-0.00
6753.100,0,-182624,0.00,-0.00
6753.200,0,-182624,0.00,-0.00
6753.300,0,-182624,0.00,-0.00
6753.400,0,-182624,0.00,-0.00
6753.500,0,-182624,0.00,-0.00
6753.600,0,-182624,0.00,-0.00
6753.700,0,-182624,0.00,-0.00
6753.800,0,-182624,0.00,-0.00
6753.900,0,-182624,0.00,-0.00
6754.000,0,-182624,0.00,-0.00
6754.100,0,-182624,0.00,-0.00
6754.200,0,-182624,0.00,-0.00
6754.300,0,-182624,0.00,-0.00
6754.400,0,-182624,0.00,-0.00
6754.500,0,-182624,0.00,-0.00
6754.600,0,-182624,0.00,-0.00
6754.700,0,-182624,0.00,-0.00
6754.800,0,-182624,0.00,-0.00
6754.900,0,-182624,0.00,-0.00
6755.000,0,-182624,0.00,-0.00
6755.100,0,-182624,0.00,-0.00
6755.200,0,-182624,0.00,-0.00
6755.300,0,-182624,0.00,-0.00
6755.400,0,-182624,0.00,-0.00
6755.500,0,-182624,0.00,-0.00
6755.600,0,-182624,0.00,-0.00
6755.700,0,-182624,0.00,-0.00
6755.800,0,-182624,0.00,-0.00
6755.900,0,-182624,0.00,-0.00
6756.000,0,-182624,0.00,-0.00
6756.100,0,-182624,0.00,-0.00
6756.200,0,-182624,0.00,-0.00
6756.300,0,-182624,0.00,-0.00
6756.400,0,-182624,0.00,-0.00
6756.500,0,-182624,0.00,-0.00
6756.600,0,-182624,0.00,-0.00
6756.700,0,-182624,0.00,-0.00
6756.800,0,-182624,0.00,-0.00
6756.900,0,-182624,0.00,-0.00
6757.000,0,-182624,0.00,-0.00
6757.100,0,-182624,0.00,-0.00
6757.200,0,-182624,0.00,-0.00
6757.300,0,-182624,0.00,-0.00
6757.400,0,-182624,0.00,-0.00
6757.500,0,-182624,0.00,-0.00
6757.600,0,-182624,0.00,-0.00
6757.700,0,-182624,0.00,-0.00
6757.800,0,-182624,0.00,-0.00
6757.900,0,-182624,0.00,-0.00
6758.000,0,-182624,0.00,-0.00
6758.100,0,-182624,0.00,-0.00
6758.200,0,-182624,0.00,-0.00
6758.300,0,-182624,0.00,-0.00
6758.400,0,-182624,0.00,-0.00
6758.500,0,-182624,0.00,-0.00
6758.600,0,-182624,0.00,-0.00
6758.700,0,-182624,0.00,-0.00
6758.800,0,-182624,0.00,-0.00
6758.900,0,-182624,0.00,-0.00
6759.000,0,-182624,0.00,-0.00
6759.100,0,-182624,0.00,-0.00
6759.200,0,-182624,0.00,-0.00
6759.300,0,-182624,0.00,-0.00
6759.400,0,-182624,0.00,-0.00
6759.500,0,-182624,0.00,-0.00
6759.600,0,-182624,0.00,-0.00
6759.700,0,-182624,0.00,-0.00
6759.800,0,-182624,0.00,-0.00
6759.900,0,-182624,0.00,-0.00
6760.000,0,-182624,0.00,-0.00
6760.100,0,-182624,0.00,-0.00
6760.200,0,-182624,0.00,-0.00
6760.300,0,-182624,0.00,-0.00
6760.400,0,-182624,0.00,-0.00
6760.500,0,-182624,0.00,-0.00
6760.600,0,-182624,0.00,-0.00
6760.700,0,-182624,0.00,-0.00
6760.800,0,-182624,0.00,-0.00
6760.900,0,-182624,0.00,-0.00
6761.000,0,-182624,0.00,-0.00
6761.100,0,-182624,0.00,-0.00
6761.200,0,-182624,0.00,-0.00
6761.300,0,-182624,0.00,-0.00
6761.400,0,-182624,0.00,-0.00
6761.500,0,-182624,0.00,-0.00
6761.600,0,-182624,0.00,-0.00
6761.700,0,-182624,0.00,-0.00
6761.800,0,-182624,0.00,-0.00
6761.900,0,-182624,0.00,-0.00
6762.000,0,-182624,0.00,-0.00
6762.100,0,-182624,0.00,-0.00
6762.200,0,-182624,0.00,-0.00
6762.300,0,-182624,0.00,-0.00
6762.400,0,-182624,0.00,-0.00
6762.500,0,-182624,0.00,-0.00
6762.600,0,-182624,0.00,-0.00
6762.700,0,-182624,0.00,-0.00
6762.800,0,-182624,0.00,-0.00
6762.900,0,-182624,0.00,-0.00
6763.000,0,-182624,0.00,-0.00
6763.100,0,-182624,0.00,-0.00
6763.200,0,-182624,0.00,-0.00
6763.300,0,-182624,0.00,-0.00
6763.400,0,-182624,0.00,-0.00
6763.500,0,-182624,0.00,-0.00
6763.600,0,-182624,0.00,-0.00
6763.700,0,-182624,0.00,-0.00
6763.800,0,-182624,0.00,-0.00
6763.900,0,-182624,0.00,-0.00
6764.000,0,-182624,0.00,-0.00
6764.100,0,-182624,0.00,-0.00
6764.200,0,-182624,0.00,-0.00
6764.300,0,-182624,0.00,-0.00
6764.400,0,-182624,0.00,-0.00
6764.500,0,-182624,0.00,-0.00
6764.600,0,-182624,0.00,-0.00
6764.700,0,-182624,0.00,-0.00
6764.800,0,-182624,0.00,-0.00
6764.900,0,-182624,0.00,-0.00
6765.000,0,-182624,0.00,-0.00
6765.100,0,-182624,0.00,-0.00
6765.200,0,-182624,0.00,-0.00
6765.300,0,-182624,0.00,-0.00
6765.400,0,-182624,0.00,-0.00
6765.500,0,-182624,0.00,-0.00
6765.600,0,-182624,0.00,-0.00
6765.700,0,-182624,0.00,-0.00
6765.800,0,-182624,0.00,-0.00
6765.900,0,-182624,0.00,-0.00
6766.000,0,-182624,0.00,-0.00
6766.100,0,-182624,0.00,-0.00
6766.200,0,-182624,0.00,-0.00
6766.300,0,-182624,0.00,-0.00
6766.400,0,-182624,0.00,-0.00
6766.500,0,-182624,0.00,-0.00
6766.600,0,-182624,0.00,-0.00
6766.700,0,-182624,0.00,-0.00
6766.800,0,-182624,0.00,-0.00
6766.900,0,-182624,0.00,-0.00
6767.000,0,-182624,0.00,-0.00
6767.100,0,-182624,0.00,-0.00
6767.200,0,-182624,0.00,-0.00
6767.300,0,-182624,0.00,-0.00
6767.400,0,-182624,0.00,-0.00
6767.500,0,-182624,0.00,-0.00
6767.600,0,-182624,0.00,-0.00
6767.700,0,-182624,0.00,-0.00
6767.800,0,-182624,0.00,-0.00
6767.900,0,-182624,0.00,-0.00
6768.000,0,-182624,0.00,-0.00
6768.100,0,-182624,0.00,-0.00
6768.200,0,-182624,0.00,-0.00
6768.300,0,-182624,0.00,-0.00
6768.400,0,-182624,0.00,-0.00
6768.500,0,-182624,0.00,-0.00
6768.600,0,-182624,0.00,-0.00
6768.700,0,-182624,0.00,-0.00
6768.800,1,-182623,0.50,0.10
6768.900,11,-182612,5.50,1.18
6769.000,79,-182533,39.50,8.84
6769.100,90,-182443,45.00,16.08
6769.200,76,-182367,38.00,20.46
6769.300,150,-182217,75.00,31.37
6769.400,187,-182030,93.50,43.79
6769.500,387,-181643,193.50,73.74
6769.600,110,-181533,55.00,69.99
6769.700,0,-181533,0.00,55.99
6769.800,0,-181533,0.00,44.79
6769.900,1,-181532,0.50,35.93
6770.000,47,-181485,23.50,33.45
6770.100,172,-181313,86.00,43.96
6770.200,186,-181127,93.00,53.77
6770.300,147,-180980,73.50,57.71
6770.400,144,-180836,72.00,60.57
6770.500,205,-180631,102.50,68.96
6770.600,97,-180534,48.50,64.87
6770.700,0,-180534,0.00,51.89
6770.800,1,-180533,0.50,41.61
6770.900,194,-180339,97.00,52.69
6771.000,231,-180108,115.50,65.25
6771.100,189,-179919,94.50,71.10
6771.200,117,-179802,58.50,68.58
6771.300,83,-179719,41.50,63.17
6771.400,130,-179589,65.00,63.53
6771.500,54,-179535,27.00,56.23
6771.600,26,-179509,13.00,47.58
6771.700,86,-179423,43.00,46.66
6771.800,152,-179271,76.00,52.53
6771.900,127,-179144,63.50,54.73
6772.000,0,-179144,0.00,43.78
6772.100,21,-179123,10.50,37.12
6772.200,7,-179116,3.50,30.40
6772.300,66,-179050,33.00,30.92
6772.400,22,-179028,11.00,26.94
6772.500,88,-178940,44.00,30.35
6772.600,91,-178849,45.50,33.38
6772.700,86,-178763,43.00,35.30
6772.800,56,-178707,28.00,33.84
6772.900,45,-178662,22.50,31.57
6773.000,103,-178559,51.50,35.56
6773.100,97,-178462,48.50,38.15
6773.200,89,-178373,44.50,39.42
6773.300,122,-178251,61.00,43.73
6773.400,49,-178202,24.50,39.89
6773.500,60,-178142,30.00,37.91
6773.600,82,-178060,41.00,38.53
6773.700,136,-177924,68.00,44.42
6773.800,9,-177915,4.50,36.44
6773.900,-1,-177916,-0.50,29.05
6774.000,2,-177914,1.00,23.44
6774.100,-13,-177927,-6.50,17.45
6774.200,-19,-177946,-9.50,12.06
6774.300,-63,-178009,-31.50,3.35
6774.400,15,-177994,7.50,4.18
6774.500,113,-177881,56.50,14.64
6774.600,73,-177808,36.50,19.01
6774.700,45,-177763,22.50,19.71
6774.800,23,-177740,11.50,18.07
6774.900,149,-177591,74.50,29.36
6775.000,36,-177555,18.00,27.08
6775.100,-2,-177557,-1.00,21.47
6775.200,-12,-177569,-6.00,15.97
6775.300,43,-177526,21.50,17.08
6775.400,156,-177370,78.00,29.26
6775.500,80,-177290,40.00,31.41
6775.600,24,-177266,12.00,27.53
6775.700,34,-177232,17.00,25.42
6775.800,5,-177227,2.50,20.84
6775.900,7,-177220,3.50,17.37
6776.000,20,-177200,10.00,15.90
6776.100,39,-177161,19.50,16.62
6776.200,161,-177000,80.50,29.39
6776.300,78,-176922,39.00,31.32
6776.400,-1,-176923,-0.50,24.95
6776.500,-1,-176924,-0.50,19.86
6776.600,1,-176923,0.50,15.99
6776.700,0,-176923,0.00,12.79
6776.800,19,-176904,9.50,12.13
6776.900,97,-176807,48.50,19.41
6777.000,143,-176664,71.50,29.83
6777.100,85,-176579,42.50,32.36
6777.200,82,-176497,41.00,34.09
6777.300,63,-176434,31.50,33.57
6777.400,0,-176434,0.00,26.86
6777.500,88,-176346,44.00,30.29
6777.600,27,-176319,13.50,26.93
6777.700,-1,-176320,-0.50,21.44
6777.800,12,-176308,6.00,18.35
6777.900,61,-176247,30.50,20.78
6778.000,5,-176242,2.50,17.13
6778.100,58,-176184,29.00,19.50
6778.200,85,-176099,42.50,24.10
6778.300,149,-175950,74.50,34.18
6778.400,25,-175925,12.50,29.84
6778.500,2,-175923,1.00,24.08
6778.600,18,-175905,9.00,21.06
6778.700,99,-175806,49.50,26.75
6778.800,184,-175622,92.00,39.80
6778.900,108,-175514,54.00,42.64
6779.000,3,-175511,1.50,34.41
6779.100,1,-175510,0.50,27.63
6779.200,-42,-175552,-21.00,17.90
6779.300,48,-175504,24.00,19.12
6779.400,141,-175363,70.50,29.40
6779.500,131,-175232,65.50,36.62
6779.600,17,-175215,8.50,30.99
6779.700,4,-175211,2.00,25.20
6779.800,57,-175154,28.50,25.86
6779.900,100,-175054,50.00,30.69
6780.000,2,-175052,1.00,24.75
6780.100,30,-175022,15.00,22.80
6780.200,4,-175018,2.00,18.64
6780.300,20,-174998,10.00,16.91
6780.400,71,-174927,35.50,20.63
6780.500,191,-174736,95.50,35.60
6780.600,113,-174623,56.50,39.78
6780.700,2,-174621,1.00,32.03
6780.800,1,-174620,0.50,25.72
6780.900,86,-174534,43.00,29.18
6781.000,21,-174513,10.50,25.44
6781.100,-1,-174514,-0.50,20.25
6781.200,0,-174514,0.00,16.20
6781.300,0,-174514,0.00,12.96
6781.400,82,-174432,41.00,18.57
6781.500,212,-174220,106.00,36.06
6781.600,159,-174061,79.50,44.74
6781.700,21,-174040,10.50,37.90
6781.800,11,-174029,5.50,31.42
6781.900,49,-173980,24.50,30.03
6782.000,57,-173923,28.50,29.73
6782.100,100,-173823,50.00,33.78
6782.200,15,-173808,7.50,28.52
6782.300,0,-173808,0.00,22.82
6782.400,6,-173802,3.00,18.86
6782.500,176,-173626,88.00,32.68
6782.600,195,-173431,97.50,45.65
6782.700,79,-173352,39.50,44.42
6782.800,0,-173352,0.00,35.53
6782.900,-4,-173356,-2.00,28.03
6783.000,-20,-173376,-10.00,20.42
6783.100,84,-173292,42.00,24.74
6783.200,59,-173233,29.50,25.69
6783.300,0,-173233,0.00,20.55
6783.400,1,-173232,0.50,16.54
6783.500,87,-173145,43.50,21.93
6783.600,173,-172972,86.50,34.85
6783.700,137,-172835,68.50,41.58
6783.800,70,-172765,35.00,40.26
6783.900,-1,-172766,-0.50,32.11
6784.000,-34,-172800,-17.00,22.29
6784.100,49,-172751,24.50,22.73
6784.200,105,-172646,52.50,28.68
6784.300,79,-172567,39.50,30.85
6784.400,139,-172428,69.50,38.58
6784.500,54,-172374,27.00,36.26
6784.600,34,-172340,17.00,32.41
6784.700,2,-172338,1.00,26.13
6784.800,2,-172336,1.00,21.10
6784.900,179,-172157,89.50,34.78
6785.000,283,-171874,141.50,56.13
6785.100,102,-171772,51.00,55.10
6785.200,-3,-171775,-1.50,43.78
6785.300,-21,-171796,-10.50,32.92
6785.400,2,-171794,1.00,26.54
6785.500,98,-171696,49.00,31.03
6785.600,222,-171474,111.00,47.03
6785.700,65,-171409,32.50,44.12
6785.800,16,-171393,8.00,36.90
6785.900,19,-171374,9.50,31.42
6786.000,-1,-171375,-0.50,25.03
6786.100,90,-171285,45.00,29.03
6786.200,266,-171019,133.00,49.82
6786.300,141,-170878,70.50,53.96
6786.400,63,-170815,31.50,49.47
6786.500,12,-170803,6.00,40.77
6786.600,40,-170763,20.00,36.62
6786.700,221,-170542,110.50,51.39
6786.800,61,-170481,30.50,47.22
6786.900,-3,-170484,-1.50,37.47
6787.000,1,-170483,0.50,30.08
6787.100,3,-170480,1.50,24.36
6787.200,107,-170373,53.50,30.19
6787.300,223,-170150,111.50,46.45
6787.400,136,-170014,68.00,50.76
6787.500,64,-169950,32.00,47.01
6787.600,-3,-169953,-1.50,37.31
6787.700,27,-169926,13.50,32.55
6787.800,7,-169919,3.50,26.74
6787.900,48,-169871,24.00,26.19
6788.000,177,-169694,88.50,38.65
6788.100,-7,-169701,-3.50,30.22
6788.200,1,-169700,0.50,24.28
6788.300,-11,-169711,-5.50,18.32
6788.400,231,-169480,115.50,37.76
6788.500,122,-169358,61.00,42.41
6788.600,15,-169343,7.50,35.42
6788.700,-50,-169393,-25.00,23.34
6788.800,-26,-169419,-13.00,16.07
6788.900,20,-169399,10.00,14.86
6789.000,45,-169354,22.50,16.39
6789.100,50,-169304,25.00,18.11
6789.200,101,-169203,50.50,24.59
6789.300,37,-169166,18.50,23.37
6789.400,0,-169166,0.00,18.70
6789.500,-14,-169180,-7.00,13.56
6789.600,134,-169046,67.00,24.25
6789.700,197,-168849,98.50,39.10
6789.800,164,-168685,82.00,47.68
6789.900,86,-168599,43.00,46.74
6790.000,-24,-168623,-12.00,34.99
6790.100,1,-168622,0.50,28.09
6790.200,2,-168620,1.00,22.68
6790.300,190,-168430,95.00,37.14
6790.400,62,-168368,31.00,35.91
6790.500,-2,-168370,-1.00,28.53
6790.600,-3,-168373,-1.50,22.52
6790.700,122,-168251,61.00,30.22
6790.800,222,-168029,111.00,46.38
6790.900,209,-167820,104.50,58.00
6791.000,101,-167719,50.50,56.50
6791.100,25,-167694,12.50,47.70
6791.200,24,-167670,12.00,40.56
6791.300,32,-167638,16.00,35.65
6791.400,-7,-167645,-3.50,27.82
6791.500,-8,-167653,-4.00,21.45
6791.600,61,-167592,30.50,23.26
6791.700,193,-167399,96.50,37.91
6791.800,96,-167303,48.00,39.93
6791.900,-1,-167304,-0.50,31.84
6792.000,26,-167278,13.00,28.07
6792.100,70,-167208,35.00,29.46
6792.200,64,-167144,32.00,29.97
6792.300,271,-166873,135.50,51.07
6792.400,0,-166873,0.00,40.86
6792.500,2,-166871,1.00,32.89
6792.600,-15,-166886,-7.50,24.81
6792.700,142,-166744,71.00,34.05
6792.800,272,-166472,136.00,54.44
6792.900,134,-166338,67.00,56.95
6793.000,0,-166338,0.00,45.56
6793.100,0,-166338,0.00,36.45
6793.200,2,-166336,1.00,29.36
6793.300,191,-166145,95.50,42.59
6793.400,195,-165950,97.50,53.57
6793.500,141,-165809,70.50,56.96
6793.600,160,-165649,80.00,61.56
6793.700,142,-165507,71.00,63.45
6793.800,128,-165379,64.00,63.56
6793.900,-2,-165381,-1.00,50.65
6794.000,0,-165381,0.00,40.52
6794.100,0,-165381,0.00,32.42
6794.200,0,-165381,0.00,25.93
6794.300,0,-165381,0.00,20.75
6794.400,19,-165362,9.50,18.50
6794.500,190,-165172,95.00,33.80
6794.600,195,-164977,97.50,46.54
6794.700,225,-164752,112.50,59.73
6794.800,87,-164665,43.50,56.48
6794.900,27,-164638,13.50,47.89
6795.000,85,-164553,42.50,46.81
6795.100,119,-164434,59.50,49.35
6795.200,222,-164212,111.00,61.68
6795.300,92,-164120,46.00,58.54
6795.400,40,-164080,20.00,50.83
6795.500,-1,-164081,-0.50,40.57
6795.600,0,-164081,0.00,32.45
6795.700,87,-163994,43.50,34.66
6795.800,185,-163809,92.50,46.23
6795.900,141,-163668,70.50,51.08
6796.000,104,-163564,52.00,51.27
6796.100,114,-163450,57.00,52.41
6796.200,165,-163285,82.50,58.43
6796.300,109,-163176,54.50,57.64
6796.400,50,-163126,25.00,51.12
6796.500,142,-162984,71.00,55.09
6796.600,87,-162897,43.50,52.77
6796.700,116,-162781,58.00,53.82
6796.800,-1,-162782,-0.50,42.96
6796.900,0,-162782,0.00,34.36
6797.000,1,-162781,0.50,27.59
6797.100,132,-162649,66.00,35.27
6797.200,193,-162456,96.50,47.52
6797.300,183,-162273,91.50,56.31
6797.400,178,-162095,89.00,62.85
6797.500,178,-161917,89.00,68.08
6797.600,182,-161735,91.00,72.67
6797.700,105,-161630,52.50,68.63
6797.800,32,-161598,16.00,58.11
6797.900,0,-161598,0.00,46.48
6798.000,0,-161598,0.00,37.19
6798.100,1,-161597,0.50,29.85
6798.200,250,-161347,125.00,48.88
6798.300,236,-161111,118.00,62.70
6798.400,149,-160962,74.50,65.06
6798.500,175,-160787,87.50,69.55
6798.600,159,-160628,79.50,71.54
6798.700,196,-160432,98.00,76.83
6798.800,60,-160372,30.00,67.47
6798.900,-1,-160373,-0.50,53.87
6799.000,0,-160373,0.00,43.10
6799.100,0,-160373,0.00,34.48
6799.200,14,-160359,7.00,28.98
6799.300,168,-160191,84.00,39.99
6799.400,249,-159942,124.50,56.89
6799.500,127,-159815,63.50,58.21
6799.600,329,-159486,164.50,79.47
6799.700,185,-159301,92.50,82.08
6799.800,118,-159183,59.00,77.46
6799.900,86,-159097,43.00,70.57
6800.000,1,-159096,0.50,56.55
6800.100,-1,-159097,-0.50,45.14
6800.200,0,-159097,0.00,36.11
6800.300,20,-159077,10.00,30.89
6800.400,256,-158821,128.00,50.31
6800.500,163,-158658,81.50,56.55
6800.600,200,-158458,100.00,65.24
6800.700,155,-158303,77.50,67.69
6800.800,180,-158123,90.00,72.15
6800.900,138,-157985,69.00,71.52
6801.000,54,-157931,27.00,62.62
6801.100,-4,-157935,-2.00,49.69
6801.200,0,-157935,0.00,39.76
6801.300,3,-157932,1.50,32.10
6801.400,61,-157871,30.50,31.78
6801.500,139,-157732,69.50,39.33
6801.600,174,-157558,87.00,48.86
6801.700,121,-157437,60.50,51.19
6801.800,139,-157298,69.50,54.85
6801.900,147,-157151,73.50,58.58
6802.000,156,-156995,78.00,62.46
6802.100,150,-156845,75.00,64.97
6802.200,25,-156820,12.50,54.48
6802.300,0,-156820,0.00,43.58
6802.400,0,-156820,0.00,34.87
6802.500,3,-156817,1.50,28.19
6802.600,79,-156738,39.50,30.45
6802.700,169,-156569,84.50,41.26
6802.800,207,-156362,103.50,53.71
6802.900,138,-156224,69.00,56.77
6803.000,181,-156043,90.50,63.51
6803.100,168,-155875,84.00,67.61
6803.200,176,-155699,88.00,71.69
6803.300,58,-155641,29.00,63.15
6803.400,0,-155641,0.00,50.52
6803.500,0,-155641,0.00,40.42
6803.600,0,-155641,0.00,32.33
6803.700,0,-155641,0.00,25.87
6803.800,82,-155559,41.00,28.89
6803.900,115,-155444,57.50,34.61
6804.000,223,-155221,111.50,49.99
6804.100,99,-155122,49.50,49.89
6804.200,57,-155065,28.50,45.61
6804.300,3,-155062,1.50,36.79
6804.400,-13,-155075,-6.50,28.13
6804.500,-64,-155139,-32.00,16.11
6804.600,-48,-155187,-24.00,8.09
6804.700,100,-155087,50.00,16.47
6804.800,72,-155015,36.00,20.37
6804.900,110,-154905,55.00,27.30
6805.000,97,-154808,48.50,31.54
6805.100,117,-154691,58.50,36.93
6805.200,162,-154529,81.00,45.75
6805.300,86,-154443,43.00,45.20
6805.400,0,-154443,0.00,36.16
6805.500,0,-154443,0.00,28.93
6805.600,0,-154443,0.00,23.14
6805.700,0,-154443,0.00,18.51
6805.800,44,-154399,22.00,19.21
6805.900,105,-154294,52.50,25.87
6806.000,71,-154223,35.50,27.79
6806.100,80,-154143,40.00,30.24
6806.200,161,-153982,80.50,40.29
6806.300,120,-153862,60.00,44.23
6806.400,54,-153808,27.00,40.78
6806.500,58,-153750,29.00,38.43
6806.600,139,-153611,69.50,44.64
6806.700,141,-153470,70.50,49.81
6806.800,104,-153366,52.00,50.25
6806.900,1,-153365,0.50,40.30
6807.000,0,-153365,0.00,32.24
6807.100,0,-153365,0.00,25.79
6807.200,2,-153363,1.00,20.83
6807.300,215,-153148,107.50,38.17
6807.400,210,-152938,105.00,51.53
6807.500,131,-152807,65.50,54.33
6807.600,165,-152642,82.50,59.96
6807.700,92,-152550,46.00,57.17
6807.800,10,-152540,5.00,46.74
6807.900,-3,-152543,-1.50,37.09
6808.000,0,-152543,0.00,29.67
6808.100,23,-152520,11.50,26.04
6808.200,137,-152383,68.50,34.53
6808.300,170,-152213,85.00,44.62
6808.400,136,-152077,68.00,49.30
6808.500,126,-151951,63.00,52.04
6808.600,168,-151783,84.00,58.43
6808.700,178,-151605,89.00,64.54
6808.800,95,-151510,47.50,61.14
6808.900,11,-151499,5.50,50.01
6809.000,-1,-151500,-0.50,39.91
6809.100,0,-151500,0.00,31.93
6809.200,1,-151499,0.50,25.64
6809.300,126,-151373,63.00,33.11
6809.400,176,-151197,88.00,44.09
6809.500,198,-150999,99.00,55.07
6809.600,151,-150848,75.50,59.16
6809.700,163,-150685,81.50,63.63
6809.800,65,-150620,32.50,57.40
6809.900,0,-150620,0.00,45.92
6810.000,0,-150620,0.00,36.74
6810.100,0,-150620,0.00,29.39
6810.200,1,-150619,0.50,23.61
6810.300,0,-150619,0.00,18.89
6810.400,0,-150619,0.00,15.11
6810.500,0,-150619,0.00,12.09
6810.600,0,-150619,0.00,9.67
6810.700,0,-150619,0.00,7.74
6810.800,0,-150619,0.00,6.19
6810.900,0,-150619,0.00,4.95
6811.000,0,-150619,0.00,3.96
6811.100,0,-150619,0.00,3.17
6811.200,0,-150619,0.00,2.54
6811.300,0,-150619,0.00,2.03
6811.400,0,-150619,0.00,1.62
6811.500,0,-150619,0.00,1.30
6811.600,0,-150619,0.00,1.04
6811.700,0,-150619,0.00,0.83
6811.800,0,-150619,0.00,0.66
6811.900,0,-150619,0.00,0.53
6812.000,-10,-150629,-5.00,-0.57
6812.100,5,-150624,2.50,0.04
6812.200,0,-150624,0.00,0.03
6812.300,0,-150624,0.00,0.03
6812.400,0,-150624,0.00,0.02
6812.500,0,-150624,0.00,0.02
6812.600,0,-150624,0.00,0.01
6812.700,0,-150624,0.00,0.01
6812.800,0,-150624,0.00,0.01
6812.900,0,-150624,0.00,0.01
6813.000,0,-150624,0.00,0.01
6813.100,-3,-150627,-1.50,-0.30
6813.200,-3,-150630,-1.50,-0.54
6813.300,0,-150630,0.00,-0.43
6813.400,0,-150630,0.00,-0.34
6813.500,3,-150627,1.50,0.03
6813.600,0,-150627,0.00,0.02
6813.700,0,-150627,0.00,0.02
6813.800,0,-150627,0.00,0.01
6813.900,0,-150627,0.00,0.01
6814.000,0,-150627,0.00,0.01
6814.100,0,-150627,0.00,0.01
6814.200,0,-150627,0.00,0.01
6814.300,0,-150627,0.00,0.00
6814.400,0,-150627,0.00,0.00
6814.500,0,-150627,0.00,0.00
6814.600,0,-150627,0.00,0.00
6814.700,0,-150627,0.00,0.00
6814.800,0,-150627,0.00,0.00
6814.900,0,-150627,0.00,0.00
6815.000,0,-150627,0.00,0.00
6815.100,0,-150627,0.00,0.00
6815.200,0,-150627,0.00,0.00
6815.300,0,-150627,0.00,0.00
6815.400,0,-150627,0.00,0.00
6815.500,0,-150627,0.00,0.00
6815.600,0,-150627,0.00,0.00
6815.700,0,-150627,0.00,0.00
6815.800,0,-150627,0.00,0.00
6815.900,0,-150627,0.00,0.00
6816.000,0,-150627,0.00,0.00
6816.100,0,-150627,0.00,0.00
6816.200,0,-150627,0.00,0.00
6816.300,0,-150627,0.00,0.00
6816.400,0,-150627,0.00,0.00
6816.500,0,-150627,0.00,0.00
6816.600,0,-150627,0.00,0.00
6816.700,0,-150627,0.00,0.00
6816.800,0,-150627,0.00,0.00
6816.900,0,-150627,0.00,0.00
6817.000,0,-150627,0.00,0.00
6817.100,0,-150627,0.00,0.00
6817.200,0,-150627,0.00,0.00
6817.300,0,-150627,0.00,0.00
6817.400,0,-150627,0.00,0.00
6817.500,0,-150627,0.00,0.00
6817.600,0,-150627,0.00,0.00
6817.700,0,-150627,0.00,0.00
6817.800,0,-150627,0.00,0.00
6817.900,0,-150627,0.00,0.00
6818.000,0,-150627,0.00,0.00
6818.100,0,-150627,0.00,0.00
6818.200,0,-150627,0.00,0.00
6818.300,0,-150627,0.00,0.00
6818.400,0,-150627,0.00,0.00
6818.500,0,-150627,0.00,0.00
6818.600,0,-150627,0.00,0.00
6818.700,0,-150627,0.00,0.00
6818.800,0,-150627,0.00,0.00
6818.900,0,-150627,0.00,0.00
6819.000,0,-150627,0.00,0.00
6819.100,0,-150627,0.00,0.00
6819.200,0,-150627,0.00,0.00
6819.300,0,-150627,0.00,0.00
6819.400,0,-150627,0.00,0.00
6819.500,0,-150627,0.00,0.00
6819.600,0,-150627,0.00,0.00
6819.700,0,-150627,0.00,0.00
6819.800,0,-150627,0.00,0.00
6819.900,0,-150627,0.00,0.00
6820.000,0,-150627,0.00,0.00
6820.100,0,-150627,0.00,0.00
6820.200,0,-150627,0.00,0.00
6820.300,0,-150627,0.00,0.00
6820.400,0,-150627,0.00,0.00
6820.500,0,-150627,0.00,0.00
6820.600,0,-150627,0.00,0.00

